year,gender
1962,M
1962,M
1962,NULL 
1962,M
1962,M
1962,NULL 
1962,M
1962,F
1962,M
1962,M
1962,M
1962,M
1962,M
1962,M
1962,M
1962,M
1962,M
1962,M
1962,M
1962,M
1962,M
1962,M
1962,M
1962,F
1962,M
1962,M
1962,M
1962,M
1962,M
1962,F
1962,M
1962,M
1962,M
1962,M
1962,M
1962,M
1962,M
1962,M
1962,M
1962,M
1962,M
1962,F
1962,M
1962,M
1962,M
1962,NULL 
1962,F
1962,M
1962,M
1962,M
1962,NULL 
1962,M
1962,M
1962,NULL 
1962,M
1962,M
1962,NULL 
1962,M
1962,M
1962,NULL 
1962,M
1962,M
1962,M
1962,M
1962,M
1962,NULL 
1962,M
1962,M
1962,M
1962,M
1962,M
1962,M
1962,M
1962,M
1962,M
1962,NULL 
1962,NULL 
1962,M
1962,NULL 
1962,M
1962,NULL 
1962,M
1962,NULL 
1962,NULL 
1962,NULL 
1962,NULL 
1962,NULL 
1962,NULL 
1962,NULL 
1962,NULL 
1962,M
1962,M
1962,M
1962,M
1962,F
1962,M
1962,M
1962,M
1962,M
1962,M
1962,M
1962,M
1962,NULL 
1962,M
1962,M
1962,M
1962,M
1962,F
1962,M
1962,M
1962,M
1962,M
1962,M
1962,M
1962,M
1962,F
1962,NULL 
1962,M
1962,M
1962,M
1962,F
1962,M
1962,M
1962,F
1962,M
1962,M
1962,M
1962,M
1962,M
1962,M
1962,M
1962,M
1962,M
1963,M
1963,M
1963,M
1963,M
1963,NULL 
1963,M
1963,F
1963,M
1963,M
1963,M
1963,M
1963,M
1963,M
1963,M
1963,M
1963,M
1963,M
1963,F
1963,M
1963,M
1963,M
1963,M
1963,M
1963,M
1963,M
1963,M
1963,M
1963,M
1963,M
1963,M
1963,M
1963,M
1963,M
1963,M
1963,M
1963,M
1963,M
1963,M
1963,M
1963,F
1963,M
1963,M
1963,M
1963,M
1963,M
1963,M
1963,M
1963,M
1963,F
1963,M
1963,M
1963,M
1963,M
1963,M
1963,F
1963,F
1963,M
1963,M
1963,M
1963,M
1963,M
1963,M
1963,M
1963,M
1963,M
1963,M
1963,M
1963,M
1963,M
1963,M
1963,F
1963,M
1963,M
1963,M
1963,M
1963,M
1963,M
1963,M
1963,M
1963,M
1963,M
1963,M
1963,M
1963,M
1963,M
1963,M
1963,M
1963,M
1963,M
1963,M
1963,M
1963,M
1963,M
1963,M
1963,M
1963,M
1963,M
1963,M
1963,M
1963,M
1963,M
1963,M
1963,F
1963,M
1963,M
1963,M
1963,M
1963,F
1963,F
1963,M
1963,M
1963,M
1963,M
1963,F
1963,M
1963,M
1963,M
1963,M
1963,M
1963,M
1963,M
1963,F
1963,M
1963,M
1963,NULL 
1963,M
1963,M
1963,F
1963,M
1963,M
1963,M
1963,M
1963,M
1963,M
1963,M
1963,M
1963,M
1963,F
1963,M
1963,M
1963,M
1963,M
1963,M
1963,M
1963,M
1963,M
1963,F
1963,M
1963,M
1963,M
1963,F
1963,M
1963,M
1963,M
1963,F
1963,M
1963,NULL 
1963,M
1963,NULL 
1963,M
1963,M
1963,M
1963,M
1964,M
1964,F
1964,M
1964,M
1964,M
1964,M
1964,M
1964,M
1964,M
1964,M
1964,M
1964,M
1964,M
1964,M
1964,F
1964,M
1964,M
1964,M
1964,M
1964,M
1964,M
1964,M
1964,M
1964,M
1964,M
1964,M
1964,M
1964,M
1964,M
1964,M
1964,M
1964,M
1964,M
1964,M
1964,M
1964,M
1964,M
1964,F
1964,NULL 
1964,M
1964,M
1964,M
1964,M
1964,M
1964,M
1964,M
1964,M
1964,M
1964,M
1964,M
1964,M
1964,M
1964,M
1964,M
1964,M
1964,M
1964,NULL 
1964,F
1964,NULL 
1964,M
1964,M
1964,M
1964,M
1964,M
1964,M
1964,M
1964,M
1964,M
1964,M
1964,M
1964,M
1964,M
1964,M
1964,M
1964,M
1964,M
1964,M
1964,M
1964,M
1964,NULL 
1964,M
1964,M
1964,F
1964,M
1964,M
1964,M
1964,M
1964,M
1964,M
1964,F
1964,M
1964,M
1964,M
1964,M
1964,M
1964,M
1964,M
1964,M
1964,M
1964,M
1964,M
1964,M
1964,M
1964,M
1964,M
1964,M
1964,M
1964,F
1964,M
1964,M
1964,M
1964,M
1964,M
1964,M
1964,M
1964,M
1964,M
1964,M
1964,M
1964,M
1964,F
1964,M
1964,M
1964,NULL 
1964,M
1964,M
1964,M
1964,M
1964,M
1964,M
1964,M
1964,M
1964,F
1964,M
1964,F
1964,M
1964,M
1964,M
1964,F
1964,M
1964,F
1964,M
1964,M
1964,M
1964,M
1964,M
1964,M
1964,M
1964,M
1964,F
1964,M
1964,M
1964,M
1964,M
1964,M
1964,F
1964,M
1964,M
1964,M
1964,M
1964,M
1964,M
1964,M
1964,M
1964,M
1964,M
1964,M
1964,F
1964,M
1964,M
1964,F
1964,M
1964,M
1964,F
1964,M
1964,M
1964,M
1964,NULL 
1964,M
1964,M
1964,M
1964,M
1964,M
1964,M
1964,M
1964,M
1964,M
1964,M
1964,M
1964,M
1964,M
1964,M
1964,M
1964,M
1964,M
1964,M
1964,M
1964,M
1964,M
1964,M
1964,F
1964,M
1964,F
1964,M
1964,M
1964,M
1964,M
1964,M
1964,F
1964,F
1964,M
1964,M
1964,M
1964,M
1964,M
1964,M
1964,M
1964,F
1964,F
1964,M
1964,M
1964,M
1964,M
1964,M
1964,M
1964,M
1964,M
1964,M
1964,M
1964,M
1964,M
1964,M
1964,M
1964,M
1964,M
1964,M
1964,M
1964,M
1964,M
1964,M
1964,M
1964,M
1964,M
1964,M
1964,M
1964,M
1964,M
1964,M
1964,M
1964,F
1964,M
1964,M
1964,M
1964,M
1964,M
1964,M
1964,M
1964,M
1964,M
1964,M
1964,M
1964,M
1964,M
1964,M
1964,M
1964,M
1964,M
1964,M
1964,M
1964,M
1964,M
1964,M
1964,M
1964,M
1964,M
1964,M
1964,M
1964,M
1964,M
1964,M
1964,M
1964,M
1964,M
1964,M
1964,M
1964,M
1964,M
1964,M
1964,M
1964,M
1964,M
1964,M
1964,F
1964,M
1964,M
1964,M
1964,M
1964,M
1964,F
1964,M
1964,M
1964,F
1964,M
1964,M
1964,F
1964,M
1964,M
1964,M
1964,F
1964,M
1964,M
1964,M
1964,M
1964,M
1964,M
1964,M
1964,M
1964,M
1964,M
1964,M
1964,M
1964,F
1964,M
1964,M
1964,M
1964,M
1964,M
1964,M
1964,M
1964,M
1964,M
1964,M
1964,M
1964,M
1964,M
1964,F
1964,M
1964,M
1964,M
1964,M
1964,M
1964,M
1964,M
1964,M
1964,M
1964,M
1964,M
1964,M
1964,M
1964,M
1964,M
1964,M
1964,M
1964,M
1964,M
1964,M
1964,F
1964,NULL 
1964,M
1964,M
1964,M
1964,M
1964,M
1964,M
1964,M
1964,F
1964,M
1964,M
1965,NULL 
1965,F
1965,F
1965,M
1965,M
1965,M
1965,M
1965,M
1965,M
1965,M
1965,M
1965,M
1965,M
1965,M
1965,M
1965,M
1965,M
1965,M
1965,F
1965,M
1965,M
1965,M
1965,F
1965,M
1965,M
1965,M
1965,F
1965,M
1965,F
1965,M
1965,M
1965,M
1965,M
1965,M
1965,F
1965,M
1965,M
1965,M
1965,M
1965,M
1965,M
1965,M
1965,M
1965,M
1965,M
1965,M
1965,M
1965,M
1965,F
1965,M
1965,M
1965,M
1965,M
1965,M
1965,M
1965,M
1965,M
1965,M
1965,M
1965,M
1965,M
1965,M
1965,M
1965,M
1965,M
1965,M
1965,M
1965,M
1965,M
1965,M
1965,M
1965,M
1965,M
1965,M
1965,M
1965,M
1965,M
1965,M
1965,M
1965,M
1965,M
1965,M
1965,F
1965,M
1965,M
1965,M
1965,M
1965,M
1965,M
1965,F
1965,M
1965,M
1965,M
1965,M
1965,M
1965,F
1965,M
1965,M
1965,M
1965,F
1965,M
1965,F
1965,F
1965,M
1965,M
1965,M
1965,M
1965,M
1965,M
1965,M
1965,M
1965,M
1965,F
1965,M
1965,M
1965,M
1965,M
1965,M
1965,F
1965,M
1965,M
1965,M
1965,M
1965,M
1965,M
1965,M
1965,M
1965,M
1965,M
1965,M
1965,M
1965,M
1965,M
1965,M
1965,M
1965,M
1965,M
1965,M
1965,M
1965,M
1965,M
1965,M
1965,F
1965,M
1965,M
1965,M
1965,M
1965,M
1965,M
1965,M
1965,M
1965,F
1965,M
1965,M
1965,M
1965,M
1965,M
1965,M
1965,M
1965,M
1965,M
1965,M
1965,M
1965,M
1965,F
1965,M
1965,M
1965,M
1965,M
1965,M
1965,M
1965,M
1965,M
1965,M
1965,M
1965,M
1965,M
1965,M
1965,M
1965,M
1965,M
1965,M
1965,M
1965,M
1965,F
1965,M
1965,M
1965,M
1965,M
1965,F
1965,M
1965,M
1965,M
1965,M
1965,NULL 
1965,M
1965,M
1965,M
1965,M
1965,M
1965,M
1965,M
1965,M
1965,M
1965,M
1965,M
1965,M
1965,M
1965,M
1965,M
1965,M
1965,M
1965,M
1965,M
1965,M
1965,M
1965,M
1965,M
1965,M
1965,M
1965,M
1965,M
1965,M
1965,M
1965,M
1965,M
1965,M
1965,M
1965,M
1965,M
1965,F
1965,M
1965,M
1965,M
1965,M
1965,M
1965,M
1965,F
1965,M
1965,M
1965,M
1965,M
1965,M
1965,M
1965,M
1965,M
1965,M
1965,M
1965,M
1965,M
1965,M
1965,F
1965,M
1965,M
1965,M
1965,M
1965,F
1965,M
1965,M
1965,M
1965,M
1965,M
1965,M
1965,F
1965,M
1965,M
1965,M
1965,F
1965,M
1965,M
1965,F
1965,M
1965,F
1965,M
1965,M
1965,M
1965,M
1965,M
1965,M
1965,M
1965,M
1965,M
1965,M
1965,M
1965,M
1965,F
1965,F
1965,M
1965,M
1965,M
1965,M
1965,M
1965,M
1965,M
1965,M
1965,M
1965,M
1965,M
1965,M
1965,M
1965,M
1965,M
1965,F
1965,M
1965,M
1965,M
1965,M
1965,M
1965,M
1965,M
1965,M
1965,M
1965,M
1965,M
1965,M
1965,M
1965,F
1965,M
1965,M
1965,M
1965,M
1965,M
1965,NULL 
1965,M
1965,M
1965,M
1965,M
1965,M
1965,M
1965,M
1965,M
1965,M
1965,M
1965,M
1965,M
1965,M
1965,M
1965,M
1965,M
1965,M
1965,M
1965,M
1965,M
1965,M
1965,M
1965,M
1965,M
1965,M
1965,M
1965,F
1965,M
1965,M
1965,M
1965,M
1965,M
1965,M
1965,M
1965,M
1965,M
1965,M
1965,M
1965,M
1965,M
1965,M
1965,M
1965,M
1965,M
1965,M
1965,M
1965,M
1965,M
1965,M
1965,M
1965,M
1965,M
1965,M
1965,M
1965,M
1965,M
1965,M
1965,M
1965,M
1965,M
1965,M
1965,M
1965,M
1965,M
1965,M
1965,M
1965,M
1965,M
1965,M
1965,M
1965,M
1965,M
1965,M
1965,F
1965,M
1965,M
1965,M
1965,M
1965,M
1965,M
1965,M
1965,M
1965,M
1965,M
1965,M
1965,M
1965,M
1965,M
1965,M
1965,M
1965,M
1965,M
1965,M
1965,M
1965,M
1965,M
1965,M
1965,M
1965,M
1965,M
1965,M
1965,M
1965,M
1965,M
1965,M
1965,F
1965,M
1965,M
1965,F
1965,M
1965,M
1965,M
1965,M
1965,M
1965,M
1965,M
1965,M
1965,M
1965,M
1965,M
1965,M
1965,M
1965,M
1965,M
1965,M
1965,NULL 
1965,M
1965,M
1966,M
1966,M
1966,M
1966,M
1966,M
1966,F
1966,M
1966,M
1966,M
1966,M
1966,M
1966,M
1966,M
1966,M
1966,F
1966,M
1966,M
1966,M
1966,M
1966,F
1966,M
1966,M
1966,M
1966,M
1966,M
1966,M
1966,F
1966,M
1966,M
1966,M
1966,F
1966,M
1966,M
1966,M
1966,M
1966,M
1966,M
1966,M
1966,M
1966,M
1966,M
1966,M
1966,NULL 
1966,M
1966,M
1966,M
1966,M
1966,M
1966,M
1966,M
1966,F
1966,M
1966,F
1966,M
1966,M
1966,M
1966,M
1966,M
1966,M
1966,M
1966,F
1966,M
1966,M
1966,M
1966,M
1966,F
1966,M
1966,M
1966,M
1966,M
1966,M
1966,M
1966,M
1966,M
1966,M
1966,M
1966,M
1966,M
1966,M
1966,M
1966,M
1966,NULL 
1966,M
1966,F
1966,M
1966,M
1966,M
1966,F
1966,M
1966,M
1966,M
1966,M
1966,M
1966,M
1966,M
1966,M
1966,M
1966,M
1966,M
1966,M
1966,M
1966,M
1966,M
1966,F
1966,M
1966,M
1966,M
1966,F
1966,M
1966,M
1966,M
1966,M
1966,M
1966,M
1966,M
1966,M
1966,M
1966,M
1966,M
1966,M
1966,M
1966,M
1966,M
1966,M
1966,M
1966,NULL 
1966,M
1966,M
1966,M
1966,M
1966,M
1966,M
1966,M
1966,M
1966,M
1966,M
1966,M
1966,M
1966,M
1966,M
1966,M
1966,F
1966,M
1966,M
1966,M
1966,M
1966,M
1966,M
1966,M
1966,M
1966,M
1966,M
1966,M
1966,M
1966,M
1966,M
1966,M
1966,M
1966,M
1966,F
1966,M
1966,M
1966,M
1966,M
1966,M
1966,M
1966,M
1966,M
1966,M
1966,M
1966,M
1966,M
1966,M
1966,M
1966,M
1966,M
1966,M
1966,M
1966,M
1966,M
1966,M
1966,M
1966,M
1966,M
1966,M
1966,M
1966,M
1966,F
1966,F
1966,M
1966,M
1966,M
1966,F
1966,M
1966,M
1966,F
1966,M
1966,M
1966,M
1966,M
1966,M
1966,M
1966,M
1966,F
1966,M
1966,M
1966,M
1966,M
1966,M
1966,M
1966,M
1966,F
1966,M
1966,M
1966,M
1966,F
1966,M
1966,M
1966,F
1966,M
1966,M
1966,M
1966,M
1966,F
1966,M
1966,M
1966,M
1966,M
1966,M
1966,M
1966,M
1966,M
1966,M
1966,M
1966,M
1966,M
1966,M
1966,M
1966,M
1966,M
1966,M
1966,M
1966,M
1966,M
1966,M
1966,M
1966,M
1966,M
1966,M
1966,M
1966,M
1966,M
1966,NULL 
1966,M
1966,F
1966,M
1966,M
1966,M
1966,M
1966,M
1966,M
1966,M
1966,M
1966,M
1966,M
1966,M
1966,M
1966,M
1966,M
1966,M
1966,M
1966,M
1966,M
1966,M
1966,M
1966,M
1966,M
1966,M
1966,M
1966,M
1966,M
1966,M
1966,M
1966,M
1966,M
1966,M
1966,M
1966,M
1966,M
1966,M
1966,M
1966,M
1966,M
1966,M
1966,M
1966,M
1966,M
1966,M
1966,M
1966,M
1966,M
1966,M
1966,M
1966,M
1966,M
1966,M
1966,M
1966,M
1966,M
1966,M
1966,M
1966,M
1966,M
1966,M
1966,M
1966,M
1966,M
1966,M
1966,M
1966,M
1966,M
1966,M
1966,M
1966,M
1966,M
1966,F
1966,M
1966,M
1966,M
1966,M
1966,M
1966,M
1966,M
1966,M
1966,M
1966,M
1966,M
1966,M
1966,M
1966,M
1966,M
1966,F
1966,M
1966,M
1966,M
1966,M
1966,M
1966,M
1966,M
1966,M
1966,M
1966,M
1966,M
1966,M
1966,M
1966,M
1966,M
1966,M
1966,F
1966,M
1966,M
1966,M
1966,M
1966,M
1966,M
1966,M
1966,F
1966,M
1966,M
1966,M
1966,M
1966,F
1966,M
1966,M
1966,F
1966,M
1966,M
1966,M
1966,M
1966,M
1966,M
1966,M
1966,M
1966,F
1966,M
1966,M
1966,M
1966,M
1966,M
1966,M
1966,M
1966,M
1966,M
1966,M
1966,M
1966,M
1966,F
1966,M
1966,M
1966,M
1966,M
1966,M
1966,F
1966,M
1966,M
1966,M
1966,M
1966,F
1966,M
1966,M
1966,M
1966,M
1966,M
1966,M
1966,M
1966,M
1966,M
1966,M
1966,M
1966,M
1966,M
1966,M
1966,M
1966,M
1966,NULL 
1966,M
1966,M
1966,M
1966,M
1966,M
1966,M
1966,M
1966,M
1966,NULL 
1966,M
1966,M
1966,M
1966,F
1966,M
1966,M
1966,M
1966,M
1966,M
1966,M
1966,M
1966,M
1966,M
1966,M
1966,F
1966,M
1966,M
1966,F
1966,M
1966,M
1966,M
1966,M
1966,M
1966,M
1966,M
1966,M
1966,M
1966,M
1966,M
1966,M
1966,M
1966,M
1966,M
1966,M
1966,M
1966,M
1966,M
1966,M
1966,M
1966,M
1966,M
1966,M
1966,M
1966,M
1966,M
1966,M
1966,M
1966,M
1966,M
1966,M
1966,F
1966,M
1966,M
1966,M
1966,M
1966,M
1966,M
1966,F
1966,M
1966,M
1966,M
1966,M
1966,M
1966,F
1966,M
1966,M
1966,M
1966,M
1966,M
1966,M
1966,M
1966,M
1966,M
1966,F
1966,M
1966,M
1966,M
1966,F
1966,M
1966,M
1966,M
1966,M
1966,M
1966,M
1966,M
1966,M
1966,F
1966,M
1966,M
1966,M
1966,M
1966,NULL 
1966,M
1966,M
1966,F
1966,M
1966,M
1966,F
1966,M
1966,M
1966,M
1966,M
1966,M
1966,NULL 
1966,M
1966,F
1966,M
1966,M
1967,F
1967,M
1967,M
1967,M
1967,M
1967,M
1967,M
1967,F
1967,M
1967,M
1967,M
1967,M
1967,M
1967,M
1967,M
1967,M
1967,M
1967,M
1967,M
1967,M
1967,M
1967,F
1967,M
1967,F
1967,M
1967,M
1967,M
1967,M
1967,M
1967,F
1967,M
1967,F
1967,M
1967,M
1967,M
1967,M
1967,M
1967,M
1967,M
1967,M
1967,M
1967,M
1967,M
1967,F
1967,M
1967,M
1967,M
1967,M
1967,M
1967,M
1967,M
1967,M
1967,M
1967,M
1967,M
1967,M
1967,M
1967,M
1967,M
1967,M
1967,M
1967,M
1967,M
1967,M
1967,M
1967,M
1967,M
1967,F
1967,M
1967,M
1967,M
1967,M
1967,M
1967,M
1967,M
1967,F
1967,M
1967,M
1967,M
1967,M
1967,M
1967,M
1967,F
1967,M
1967,M
1967,M
1967,M
1967,M
1967,M
1967,F
1967,F
1967,F
1967,M
1967,M
1967,F
1967,M
1967,M
1967,M
1967,M
1967,M
1967,F
1967,M
1967,M
1967,M
1967,M
1967,M
1967,M
1967,M
1967,M
1967,M
1967,F
1967,M
1967,M
1967,M
1967,M
1967,M
1967,M
1967,M
1967,M
1967,M
1967,M
1967,M
1967,M
1967,M
1967,M
1967,M
1967,M
1967,M
1967,M
1967,NULL 
1967,NULL 
1967,NULL 
1967,NULL 
1967,M
1967,M
1967,M
1967,M
1967,M
1967,M
1967,M
1967,M
1967,M
1967,M
1967,M
1967,M
1967,M
1967,M
1967,M
1967,M
1967,M
1967,M
1967,M
1967,M
1967,M
1967,M
1967,M
1967,M
1967,M
1967,M
1967,M
1967,M
1967,M
1967,M
1967,M
1967,F
1967,M
1967,M
1967,M
1967,M
1967,M
1967,M
1967,M
1967,M
1967,M
1967,M
1967,M
1967,M
1967,F
1967,M
1967,M
1967,M
1967,M
1967,NULL 
1967,M
1967,M
1967,M
1967,F
1967,M
1967,F
1967,F
1967,M
1967,M
1967,M
1967,M
1967,M
1967,M
1967,M
1967,M
1967,M
1967,M
1967,M
1967,M
1967,M
1967,M
1967,M
1967,M
1967,M
1967,M
1967,M
1967,M
1967,M
1967,M
1967,M
1967,M
1967,M
1967,M
1967,M
1967,M
1967,M
1967,M
1967,M
1967,M
1967,M
1967,M
1967,M
1967,M
1967,M
1967,M
1967,M
1967,M
1967,M
1967,M
1967,M
1967,M
1967,M
1967,M
1967,M
1967,M
1967,M
1967,M
1967,M
1967,M
1967,M
1967,M
1967,M
1967,M
1967,M
1967,M
1967,M
1967,M
1967,M
1967,M
1967,M
1967,M
1967,M
1967,M
1967,M
1967,M
1967,M
1967,M
1967,F
1967,M
1967,M
1967,M
1967,M
1967,M
1967,F
1967,M
1967,M
1967,M
1967,M
1967,M
1967,M
1967,M
1967,M
1967,M
1967,M
1967,M
1967,M
1967,F
1967,M
1967,M
1967,M
1967,F
1967,F
1967,F
1967,M
1967,M
1967,M
1967,F
1967,M
1967,M
1967,M
1967,M
1967,M
1967,F
1967,M
1967,M
1967,M
1967,M
1967,M
1967,M
1967,F
1967,M
1967,M
1967,M
1967,M
1967,F
1967,M
1967,M
1967,M
1967,M
1967,M
1967,M
1967,M
1967,M
1967,F
1967,M
1967,M
1967,F
1967,M
1967,M
1967,M
1967,F
1967,M
1967,M
1967,M
1967,M
1967,M
1967,F
1967,F
1967,NULL 
1967,M
1967,M
1967,M
1967,M
1967,M
1967,M
1967,M
1967,M
1967,M
1967,M
1967,F
1967,M
1967,F
1967,M
1967,M
1967,M
1967,F
1967,M
1967,M
1967,M
1967,F
1967,M
1967,M
1967,M
1967,M
1967,M
1967,M
1967,M
1967,M
1967,F
1967,M
1967,M
1967,NULL 
1967,M
1967,M
1967,M
1967,M
1967,M
1967,M
1967,NULL 
1967,M
1967,NULL 
1967,M
1967,M
1967,M
1967,M
1967,M
1967,F
1967,M
1967,M
1967,M
1967,M
1967,M
1967,M
1967,M
1967,M
1967,M
1967,M
1967,M
1967,M
1967,M
1967,M
1967,M
1967,M
1967,M
1967,M
1967,M
1967,F
1967,M
1967,M
1967,M
1967,M
1967,M
1967,M
1967,M
1967,M
1967,M
1967,M
1967,M
1967,M
1967,M
1967,M
1967,M
1967,M
1967,M
1967,M
1967,M
1967,M
1967,M
1967,M
1967,M
1967,M
1967,M
1967,M
1967,F
1967,M
1967,M
1967,M
1967,M
1967,M
1967,M
1967,M
1967,M
1967,M
1967,M
1967,M
1967,M
1967,F
1967,M
1967,M
1967,M
1967,M
1967,M
1967,M
1967,M
1968,F
1968,F
1968,M
1968,M
1968,M
1968,M
1968,M
1968,M
1968,F
1968,M
1968,M
1968,F
1968,M
1968,M
1968,M
1968,M
1968,M
1968,M
1968,F
1968,M
1968,M
1968,M
1968,M
1968,M
1968,M
1968,M
1968,M
1968,M
1968,M
1968,M
1968,M
1968,M
1968,M
1968,M
1968,M
1968,M
1968,M
1968,M
1968,M
1968,M
1968,M
1968,M
1968,M
1968,M
1968,M
1968,M
1968,M
1968,M
1968,M
1968,M
1968,M
1968,M
1968,M
1968,NULL 
1968,M
1968,M
1968,M
1968,M
1968,M
1968,M
1968,M
1968,M
1968,M
1968,M
1968,M
1968,M
1968,M
1968,M
1968,M
1968,M
1968,M
1968,M
1968,M
1968,M
1968,M
1968,F
1968,M
1968,M
1968,M
1968,M
1968,M
1968,M
1968,M
1968,M
1968,M
1968,M
1968,M
1968,M
1968,M
1968,F
1968,M
1968,M
1968,M
1968,F
1968,M
1968,M
1968,M
1968,M
1968,F
1968,M
1968,M
1968,M
1968,M
1968,F
1968,M
1968,M
1968,M
1968,M
1968,M
1968,M
1968,M
1968,M
1968,M
1968,M
1968,M
1968,M
1968,M
1968,F
1968,M
1968,M
1968,M
1968,M
1968,M
1968,M
1968,M
1968,M
1968,M
1968,F
1968,M
1968,M
1968,NULL 
1968,M
1968,M
1968,M
1968,NULL 
1968,NULL 
1968,NULL 
1968,M
1968,M
1968,M
1968,M
1968,M
1968,F
1968,F
1968,F
1968,F
1968,M
1968,M
1968,M
1968,M
1968,M
1968,M
1968,M
1968,M
1968,M
1968,M
1968,M
1968,M
1968,M
1968,M
1968,M
1968,M
1968,M
1968,M
1968,M
1968,M
1968,M
1968,M
1968,M
1968,M
1968,M
1968,NULL 
1968,M
1968,M
1968,M
1968,M
1968,M
1968,M
1968,M
1968,M
1968,M
1968,M
1968,M
1968,M
1968,M
1968,M
1968,M
1968,M
1968,M
1968,M
1968,M
1968,F
1968,M
1968,M
1968,M
1968,M
1968,M
1968,M
1968,M
1968,M
1968,M
1968,M
1968,M
1968,M
1968,M
1968,M
1968,M
1968,M
1968,M
1968,M
1968,M
1968,M
1968,M
1968,M
1968,M
1968,F
1968,F
1968,M
1968,M
1968,M
1968,F
1968,M
1968,M
1968,M
1968,M
1968,M
1968,M
1968,M
1968,M
1968,M
1968,M
1968,F
1968,M
1968,M
1968,M
1968,M
1968,M
1968,M
1968,M
1968,M
1968,M
1968,M
1968,M
1968,M
1968,M
1968,M
1968,M
1968,M
1968,M
1968,M
1968,M
1968,F
1968,M
1968,F
1968,F
1968,F
1968,M
1968,M
1968,M
1968,F
1968,M
1968,M
1968,M
1968,M
1968,M
1968,M
1968,M
1968,M
1968,M
1968,M
1968,M
1968,M
1968,M
1968,M
1968,F
1968,M
1968,F
1968,M
1968,M
1968,M
1968,M
1968,F
1968,M
1968,M
1968,M
1968,M
1968,M
1968,F
1968,M
1968,F
1968,M
1968,M
1968,M
1968,M
1968,M
1968,M
1968,M
1968,M
1968,M
1968,M
1968,M
1968,M
1968,M
1968,NULL 
1968,M
1968,M
1968,M
1968,F
1968,M
1968,M
1968,M
1968,M
1968,M
1968,M
1968,M
1968,M
1968,M
1968,M
1968,M
1968,M
1968,F
1968,M
1968,M
1968,M
1968,M
1968,M
1968,M
1968,M
1968,M
1968,M
1968,M
1968,M
1968,M
1968,M
1968,M
1968,M
1968,M
1968,M
1968,M
1968,M
1968,M
1968,M
1968,M
1968,M
1968,M
1968,M
1968,NULL 
1968,NULL 
1968,M
1968,M
1968,M
1968,M
1968,M
1968,M
1968,M
1968,M
1968,M
1968,M
1968,M
1968,M
1968,M
1968,M
1968,M
1968,M
1968,M
1968,M
1968,M
1968,M
1968,M
1968,M
1968,F
1968,NULL 
1968,M
1968,M
1968,M
1968,M
1968,M
1968,M
1968,M
1968,NULL 
1968,M
1968,M
1968,M
1968,M
1968,M
1968,M
1968,M
1968,M
1968,M
1968,M
1968,M
1968,M
1968,M
1968,M
1968,M
1968,M
1968,M
1968,M
1968,M
1968,M
1968,M
1968,M
1968,M
1968,M
1968,M
1968,M
1968,M
1968,M
1968,M
1968,M
1968,M
1968,M
1968,M
1968,F
1968,M
1968,M
1968,F
1968,M
1968,M
1968,M
1968,F
1969,M
1969,M
1969,M
1969,M
1969,M
1969,M
1969,M
1969,M
1969,M
1969,M
1969,M
1969,M
1969,M
1969,M
1969,M
1969,M
1969,M
1969,M
1969,M
1969,M
1969,M
1969,F
1969,M
1969,M
1969,M
1969,M
1969,M
1969,F
1969,M
1969,M
1969,M
1969,M
1969,M
1969,M
1969,M
1969,M
1969,M
1969,M
1969,M
1969,M
1969,M
1969,M
1969,M
1969,M
1969,F
1969,M
1969,F
1969,M
1969,M
1969,M
1969,M
1969,M
1969,M
1969,M
1969,M
1969,M
1969,M
1969,M
1969,M
1969,M
1969,M
1969,M
1969,M
1969,M
1969,M
1969,M
1969,M
1969,M
1969,NULL 
1969,NULL 
1969,M
1969,M
1969,M
1969,M
1969,M
1969,M
1969,M
1969,M
1969,M
1969,M
1969,M
1969,M
1969,M
1969,M
1969,M
1969,F
1969,F
1969,M
1969,M
1969,M
1969,M
1969,M
1969,M
1969,M
1969,M
1969,M
1969,M
1969,M
1969,M
1969,M
1969,M
1969,M
1969,M
1969,F
1969,M
1969,M
1969,M
1969,M
1969,M
1969,F
1969,F
1969,F
1969,F
1969,M
1969,M
1969,F
1969,F
1969,M
1969,M
1969,M
1969,F
1969,M
1969,M
1969,M
1969,M
1969,M
1969,M
1969,M
1969,M
1969,M
1969,M
1969,F
1969,M
1969,M
1969,M
1969,M
1969,M
1969,M
1969,M
1969,M
1969,M
1969,M
1969,M
1969,NULL 
1969,M
1969,F
1969,M
1969,M
1969,M
1969,M
1969,M
1969,M
1969,M
1969,M
1969,F
1969,M
1969,M
1969,M
1969,M
1969,M
1969,M
1969,M
1969,M
1969,M
1969,M
1969,M
1969,M
1969,M
1969,M
1969,M
1969,M
1969,M
1969,M
1969,M
1969,M
1969,M
1969,M
1969,M
1969,F
1969,M
1969,M
1969,M
1969,M
1969,M
1969,M
1969,M
1969,M
1969,M
1969,M
1969,M
1969,M
1969,F
1969,M
1969,M
1969,M
1969,M
1969,M
1969,M
1969,M
1969,M
1969,M
1969,M
1969,M
1969,M
1969,M
1969,M
1969,F
1969,M
1969,M
1969,M
1969,M
1969,M
1969,M
1969,M
1969,M
1969,M
1969,M
1969,M
1969,M
1969,NULL 
1969,M
1969,M
1969,M
1969,M
1969,M
1969,F
1969,M
1969,M
1969,M
1969,M
1969,M
1969,M
1969,M
1969,M
1969,F
1969,M
1969,M
1969,M
1969,M
1969,M
1969,M
1969,M
1969,M
1969,M
1969,F
1969,M
1969,F
1969,F
1969,M
1969,M
1969,M
1969,M
1969,M
1969,M
1969,M
1969,M
1969,M
1969,M
1969,NULL 
1969,M
1969,M
1969,M
1969,M
1969,M
1969,M
1969,M
1969,M
1969,M
1969,M
1969,M
1969,M
1969,M
1969,M
1969,M
1969,M
1969,M
1969,M
1969,M
1969,M
1969,M
1969,M
1969,M
1969,M
1969,M
1969,M
1969,M
1969,M
1969,M
1969,M
1969,M
1969,M
1969,M
1969,M
1969,M
1969,M
1969,M
1969,M
1969,M
1969,M
1969,M
1969,F
1969,F
1969,F
1969,F
1969,M
1969,M
1969,M
1969,F
1969,M
1969,M
1969,M
1969,M
1969,M
1969,M
1969,M
1969,M
1969,F
1969,M
1969,F
1969,M
1969,M
1969,M
1969,F
1969,M
1969,M
1969,M
1969,NULL 
1969,NULL 
1969,M
1969,M
1969,M
1969,M
1969,M
1969,M
1969,M
1969,M
1969,M
1969,M
1969,M
1969,M
1969,M
1969,M
1969,NULL 
1969,NULL 
1969,F
1969,F
1969,F
1969,F
1969,F
1969,M
1969,M
1969,M
1969,M
1969,M
1969,M
1969,M
1969,F
1969,M
1969,M
1969,M
1969,M
1969,F
1969,M
1969,M
1969,M
1969,M
1969,M
1969,M
1969,M
1969,M
1969,M
1969,M
1969,M
1969,M
1969,M
1969,M
1969,M
1969,M
1969,M
1969,M
1969,M
1969,M
1969,M
1969,F
1969,M
1969,M
1969,M
1969,M
1969,M
1969,M
1969,F
1969,F
1969,M
1969,M
1969,M
1969,M
1969,M
1970,M
1970,M
1970,M
1970,M
1970,M
1970,M
1970,M
1970,M
1970,M
1970,M
1970,M
1970,M
1970,M
1970,M
1970,M
1970,M
1970,M
1970,M
1970,F
1970,M
1970,F
1970,NULL 
1970,M
1970,M
1970,M
1970,M
1970,M
1970,M
1970,M
1970,M
1970,M
1970,M
1970,F
1970,M
1970,M
1970,M
1970,M
1970,M
1970,M
1970,M
1970,M
1970,M
1970,M
1970,M
1970,M
1970,M
1970,M
1970,M
1970,M
1970,M
1970,M
1970,M
1970,M
1970,M
1970,M
1970,M
1970,M
1970,M
1970,M
1970,M
1970,M
1970,M
1970,M
1970,M
1970,M
1970,M
1970,M
1970,M
1970,M
1970,M
1970,M
1970,M
1970,M
1970,M
1970,M
1970,M
1970,NULL 
1970,M
1970,M
1970,M
1970,M
1970,M
1970,M
1970,M
1970,M
1970,F
1970,M
1970,M
1970,F
1970,M
1970,M
1970,M
1970,M
1970,F
1970,M
1970,M
1970,M
1970,M
1970,M
1970,F
1970,M
1970,M
1970,M
1970,M
1970,M
1970,M
1970,M
1970,M
1970,M
1970,M
1970,M
1970,M
1970,M
1970,M
1970,M
1970,M
1970,M
1970,M
1970,M
1970,M
1970,NULL 
1970,M
1970,M
1970,F
1970,M
1970,M
1970,M
1970,M
1970,M
1970,NULL 
1970,M
1970,M
1970,M
1970,M
1970,M
1970,M
1970,M
1970,M
1970,M
1970,M
1970,F
1970,M
1970,M
1970,M
1970,F
1970,M
1970,F
1970,M
1970,M
1970,M
1970,M
1970,M
1970,M
1970,M
1970,M
1970,M
1970,M
1970,M
1970,M
1970,M
1970,M
1970,M
1970,M
1970,M
1970,M
1970,M
1970,M
1970,M
1970,M
1970,M
1970,M
1970,M
1970,M
1970,M
1970,M
1970,M
1970,M
1970,M
1970,M
1970,M
1970,M
1970,M
1970,M
1970,M
1970,M
1970,M
1970,M
1970,M
1970,M
1970,M
1970,M
1970,M
1970,M
1970,M
1970,F
1970,M
1970,M
1970,M
1970,M
1970,M
1970,F
1970,F
1970,M
1970,M
1970,M
1970,M
1970,M
1970,M
1970,M
1970,M
1970,M
1970,M
1970,NULL 
1970,M
1970,M
1970,M
1970,M
1970,F
1970,F
1970,M
1970,M
1970,F
1970,M
1970,M
1970,M
1970,F
1970,M
1970,M
1970,M
1970,M
1970,M
1970,M
1970,M
1970,M
1970,M
1970,M
1970,M
1970,M
1970,M
1970,M
1970,M
1970,M
1970,M
1970,M
1970,M
1970,M
1970,F
1970,M
1970,M
1970,M
1970,M
1970,M
1970,M
1970,M
1970,M
1970,M
1970,M
1970,M
1970,M
1970,M
1970,M
1970,M
1970,F
1970,M
1970,M
1970,F
1970,F
1970,M
1970,M
1970,M
1970,M
1970,M
1970,M
1970,M
1970,F
1970,M
1970,F
1970,M
1970,M
1970,M
1970,M
1970,M
1970,M
1970,M
1970,M
1970,M
1970,M
1970,M
1970,M
1971,M
1971,M
1971,F
1971,M
1971,M
1971,M
1971,M
1971,M
1971,M
1971,M
1971,M
1971,M
1971,M
1971,M
1971,M
1971,M
1971,M
1971,M
1971,M
1971,M
1971,M
1971,M
1971,M
1971,M
1971,M
1971,M
1971,M
1971,M
1971,M
1971,M
1971,M
1971,M
1971,F
1971,M
1971,M
1971,F
1971,M
1971,M
1971,M
1971,M
1971,M
1971,M
1971,M
1971,M
1971,M
1971,M
1971,F
1971,M
1971,M
1971,NULL 
1971,M
1971,M
1971,M
1971,M
1971,M
1971,F
1971,M
1971,M
1971,NULL 
1971,M
1971,M
1971,M
1971,M
1971,M
1971,M
1971,M
1971,M
1971,M
1971,M
1971,M
1971,M
1971,M
1971,M
1971,M
1971,M
1971,M
1971,M
1971,M
1971,M
1971,M
1971,F
1971,M
1971,F
1971,M
1971,M
1971,M
1971,M
1971,M
1971,M
1971,M
1971,M
1971,F
1971,M
1971,M
1971,M
1971,M
1971,M
1971,M
1971,NULL 
1971,M
1971,M
1971,M
1971,M
1971,M
1971,M
1971,M
1971,M
1971,M
1971,M
1971,M
1971,M
1971,M
1971,M
1971,M
1971,M
1971,M
1971,F
1971,M
1971,M
1971,NULL 
1971,M
1971,M
1971,M
1971,M
1971,M
1971,M
1971,M
1971,M
1971,M
1971,M
1971,M
1971,F
1971,F
1971,F
1971,M
1971,M
1971,F
1971,M
1971,M
1971,M
1971,M
1971,M
1971,M
1971,M
1971,M
1971,M
1971,M
1971,M
1971,M
1971,M
1971,M
1971,F
1971,M
1971,M
1971,M
1971,M
1971,M
1971,M
1971,F
1971,M
1971,M
1971,M
1971,NULL 
1971,F
1971,M
1971,M
1971,M
1971,M
1971,M
1971,M
1971,M
1971,M
1971,M
1971,M
1971,M
1971,F
1971,F
1971,F
1971,M
1971,M
1971,M
1971,M
1971,M
1971,M
1971,M
1971,M
1971,M
1971,M
1971,M
1971,M
1971,M
1971,M
1971,M
1971,M
1971,M
1971,M
1971,M
1971,M
1971,M
1971,M
1971,M
1971,M
1971,F
1971,M
1971,M
1971,M
1971,M
1971,M
1971,F
1971,F
1971,F
1971,M
1971,M
1971,M
1971,M
1971,NULL 
1971,NULL 
1971,M
1971,M
1971,M
1971,M
1971,M
1971,M
1971,M
1971,M
1971,M
1971,M
1971,M
1971,M
1971,M
1971,M
1971,M
1971,M
1971,M
1971,M
1971,M
1971,M
1971,M
1971,M
1971,M
1972,M
1972,M
1972,M
1972,M
1972,M
1972,M
1972,M
1972,M
1972,M
1972,M
1972,M
1972,M
1972,NULL 
1972,M
1972,M
1972,M
1972,M
1972,F
1972,M
1972,M
1972,M
1972,M
1972,M
1972,F
1972,M
1972,M
1972,M
1972,M
1972,M
1972,M
1972,M
1972,M
1972,M
1972,M
1972,M
1972,M
1972,M
1972,M
1972,M
1972,M
1972,M
1972,F
1972,M
1972,M
1972,M
1972,M
1972,M
1972,F
1972,F
1972,F
1972,M
1972,M
1972,M
1972,M
1972,M
1972,M
1972,M
1972,M
1972,M
1972,M
1972,M
1972,M
1972,M
1972,NULL 
1972,F
1972,M
1972,M
1972,M
1972,M
1972,M
1972,M
1972,M
1972,M
1972,M
1972,M
1972,M
1972,M
1972,M
1972,F
1972,M
1972,M
1972,M
1972,M
1972,M
1972,M
1972,M
1972,M
1972,F
1972,F
1972,F
1972,M
1972,M
1972,NULL 
1972,M
1972,M
1972,M
1972,M
1972,M
1972,M
1972,NULL 
1972,M
1972,M
1972,M
1972,NULL 
1972,M
1972,M
1972,M
1972,NULL 
1972,F
1972,F
1972,M
1972,M
1972,M
1972,M
1972,M
1972,NULL 
1972,M
1972,M
1972,M
1972,M
1972,M
1972,F
1972,M
1972,M
1972,F
1972,F
1972,M
1972,M
1972,M
1972,M
1972,M
1972,M
1972,M
1972,M
1972,F
1972,M
1972,M
1972,M
1972,M
1972,F
1972,M
1972,M
1972,M
1972,M
1972,M
1972,M
1972,M
1973,M
1973,M
1973,M
1973,M
1973,M
1973,M
1973,M
1973,M
1973,M
1973,M
1973,M
1973,M
1973,M
1973,M
1973,M
1973,M
1973,M
1973,M
1973,M
1973,F
1973,M
1973,M
1973,NULL 
1973,M
1973,M
1973,M
1973,M
1973,M
1973,M
1973,M
1973,M
1973,M
1973,NULL 
1973,M
1973,M
1973,M
1973,F
1973,M
1973,M
1973,F
1973,M
1973,M
1973,F
1973,M
1973,M
1973,M
1973,M
1973,M
1973,F
1973,M
1973,M
1973,M
1973,NULL 
1973,M
1973,M
1973,M
1973,F
1973,M
1973,M
1973,M
1973,M
1973,M
1973,M
1973,M
1973,M
1973,M
1973,F
1973,M
1973,M
1973,M
1973,M
1973,M
1973,M
1973,M
1973,M
1973,M
1973,M
1973,M
1973,M
1973,NULL 
1973,M
1973,M
1973,M
1973,M
1973,M
1973,M
1973,M
1973,F
1973,M
1973,M
1973,M
1973,F
1973,M
1973,M
1973,M
1973,M
1973,M
1973,M
1973,NULL 
1973,M
1973,M
1973,M
1973,M
1973,M
1973,M
1973,M
1973,M
1973,M
1973,M
1973,M
1973,NULL 
1973,M
1973,M
1973,M
1973,M
1973,M
1973,M
1973,M
1973,F
1973,M
1973,M
1973,M
1973,M
1973,M
1973,F
1973,F
1973,M
1973,NULL 
1973,F
1973,M
1973,M
1973,M
1973,M
1973,M
1973,NULL 
1973,M
1973,NULL 
1973,M
1973,M
1973,M
1973,M
1973,M
1973,M
1973,F
1973,M
1973,F
1973,M
1973,F
1973,M
1973,M
1973,M
1973,F
1973,M
1973,M
1974,M
1974,M
1974,M
1974,NULL 
1974,M
1974,M
1974,M
1974,M
1974,M
1974,M
1974,F
1974,M
1974,M
1974,M
1974,M
1974,M
1974,M
1974,M
1974,NULL 
1974,M
1974,F
1974,M
1974,M
1974,M
1974,M
1974,M
1974,M
1974,M
1974,M
1974,NULL 
1974,M
1974,M
1974,M
1974,M
1974,M
1974,M
1974,M
1974,M
1974,M
1974,M
1974,F
1974,M
1974,M
1974,M
1974,M
1974,M
1974,M
1974,M
1974,M
1974,M
1974,M
1974,M
1974,M
1974,M
1974,M
1974,M
1974,M
1974,NULL 
1974,M
1974,M
1974,M
1974,M
1974,M
1974,M
1974,M
1974,M
1974,M
1974,M
1974,M
1974,M
1974,M
1974,M
1974,M
1974,M
1974,F
1975,M
1975,F
1975,M
1975,NULL 
1975,M
1975,NULL 
1975,M
1975,M
1975,M
1975,M
1975,M
1975,M
1975,M
1975,M
1975,F
1975,M
1975,M
1975,M
1975,M
1975,F
1975,F
1975,M
1975,F
1975,M
1975,M
1975,M
1975,M
1975,M
1975,F
1975,M
1975,M
1975,M
1975,M
1975,M
1975,M
1975,M
1975,F
1975,M
1975,M
1975,M
1975,NULL 
1975,M
1975,M
1975,M
1975,M
1976,NULL 
1976,F
1976,M
1976,M
1976,M
1976,M
1976,M
1976,M
1976,NULL 
1976,M
1976,M
1976,M
1976,M
1976,M
1976,M
1976,F
1976,F
1976,M
1976,M
1976,M
1976,M
1976,M
1976,M
1976,M
1976,M
1976,M
1976,F
1976,M
1976,M
1976,M
1976,M
1976,M
1976,F
1976,M
1976,M
1976,M
1976,M
1976,M
1976,M
1976,NULL 
1976,NULL 
1977,M
1977,M
1977,M
1977,M
1977,M
1977,M
1977,M
1977,M
1977,M
1977,M
1977,M
1977,M
1977,NULL 
1977,NULL 
1977,M
1977,M
1977,M
1977,M
1977,M
1977,M
1977,M
1977,M
1977,M
1977,M
1977,NULL 
1977,M
1977,M
1977,M
1977,F
1977,M
1977,M
1977,M
1977,F
1977,F
1977,M
1977,F
1977,F
1977,M
1977,M
1977,F
1977,M
1977,M
1977,M
1977,M
1977,F
1978,M
1978,M
1978,M
1978,M
1978,M
1978,M
1978,M
1978,M
1978,M
1978,M
1978,M
1978,M
1978,F
1978,M
1978,M
1978,M
1978,M
1978,M
1978,M
1978,M
1978,M
1978,F
1978,NULL 
1978,M
1978,NULL 
1978,F
1978,M
1978,M
1979,M
1979,M
1979,M
1979,M
1979,M
1979,M
1979,M
1979,M
1979,M
1979,M
1979,M
1979,M
1979,M
1979,M
1979,M
1979,M
1979,M
1979,M
1979,M
1979,M
1979,M
1979,M
1979,M
1979,M
1979,M
1979,M
1979,M
1979,M
1979,M
