id_activity_fact,fact_person,fact_location,fact_phys_loc,fact_letter,fact_source_gcd
0,1,1,2,1,1
6,2,3,1,6,18394
0,2,3,4,1,2
0,1602,3,4,1,1624
0,554,527,5,1,554
0,4,5,6,1,4
0,5,6,7,1,5
0,1512,1414,7,1,1526
0,7,7,8,1,7
0,591,7,8,1,592
0,1545,7,8,1,1564
8,8,9,1,8,18394
9,9,10,1,9,18394
10,10,11,1,10,18394
11,11,12,1,11,18394
12,12,13,1,12,18394
13,12,13,1,13,18394
14,13,14,1,14,18394
15,16,15,1,15,18503
16,17,16,1,16,18503
0,67,67,16,1,67
17,18,17,1,17,18503
18,19,18,1,18,18503
19,20,19,1,19,18503
20,21,20,1,20,18624
21,22,21,1,21,18624
22,23,22,1,22,18624
23,24,23,1,23,18624
24,25,24,1,24,18624
25,26,25,1,25,18762
0,367,26,25,1,367
26,27,26,1,26,18762
794,27,26,1,795,21601
27,28,27,1,27,18762
28,29,28,1,28,18762
29,30,29,1,29,18762
56,30,29,1,56,19172
0,613,30,29,1,614
0,685,30,29,1,686
Approved by the Comics Code Authority,0,3433,30,29,1
30,31,30,1,30,18762
31,32,31,1,31,18762
32,33,32,1,32,18762
33,34,33,1,33,18762
0,1909,1813,33,1,1977
34,35,34,1,34,18762
0,361,342,34,1,361
0,363,343,34,1,363
35,36,35,1,35,18762
41,36,35,1,41,18909
0,394,36,35,1,394
0,2729,36,35,1,2940
36,37,36,1,36,18909
37,38,37,1,37,18909
38,39,38,1,38,18909
39,40,39,1,39,18909
40,41,40,1,40,18909
105,41,40,1,105,19172
0,389,41,40,1,389
42,42,41,1,42,18909
43,43,42,1,43,18909
44,44,43,1,44,19042
45,45,44,1,45,19042
0,379,45,44,1,379
0,684,45,44,1,685
46,46,45,1,46,19042
47,47,46,1,47,19042
48,48,47,1,48,19042
49,49,48,1,49,19042
50,50,49,1,50,19042
51,51,50,1,51,19042
52,52,51,1,52,19042
53,53,52,1,53,19172
54,54,53,1,54,19172
55,55,54,1,55,19172
57,56,55,1,57,19172
0,58,58,56,1,58
0,588,58,56,1,589
0,59,59,57,1,59
0,60,60,58,1,60
0,61,61,59,1,61
0,97,61,59,1,97
Approved by the Comics Code Authority,0,3288,61,59,1
0,62,62,60,1,62
0,63,63,61,1,63
64,64,62,1,64,18394
0,81,64,62,1,81
0,65,65,63,1,65
0,66,66,64,1,66
0,73,66,64,1,73
0,168,66,64,1,168
0,349,330,64,1,349
0,1634,66,64,1,1657
0,68,68,66,1,68
0,69,69,67,1,69
0,1566,69,67,1,1588
0,70,70,68,1,70
0,71,71,69,1,71
0,1622,71,69,1,1644
0,72,72,70,1,72
0,158,72,70,1,158
,0,2360,2228,70,1
0,74,73,71,1,74
0,75,74,72,1,75
0,88,74,72,1,88
0,76,75,73,1,76
0,1543,75,73,1,1562
0,77,76,74,1,77
0,329,77,75,1,329
0,78,78,76,1,78
0,203,78,76,1,203
0,327,78,76,1,327
0,372,78,76,1,372
0,79,79,77,1,79
0,80,80,78,1,80
0,82,82,79,1,82
0,83,83,80,1,83
0,84,84,81,1,84
Approved by the Comics Code Authority,0,3467,84,81,1
0,85,85,82,1,85
0,86,86,83,1,86
0,87,87,84,1,87
0,89,89,85,1,89
0,1524,89,85,1,1542
0,1552,89,85,1,1572
0,1592,89,85,1,1614
0,90,90,86,1,90
0,91,91,87,1,91
0,92,92,88,1,92
0,163,92,88,1,163
309,92,88,1,309,20196
905,92,88,1,906,22412
0,1427,92,88,1,1437
0,93,93,89,1,93
0,94,94,90,1,94
0,95,95,91,1,95
0,96,96,92,1,96
0,98,97,93,1,98
0,99,98,94,1,99
0,100,99,95,1,100
0,1547,99,95,1,1566
0,101,100,96,1,101
0,102,101,97,1,102
103,102,98,1,103,19172
104,103,99,1,104,19172
0,106,104,100,1,106
0,107,105,101,1,107
292,105,101,1,292,20135
0,1589,1503,101,1,1611
108,106,102,1,108,19309
0,109,108,103,1,109
0,110,109,104,1,110
111,107,105,1,111,19309
0,112,110,106,1,112
113,111,107,1,113,19309
0,114,112,108,1,114
0,764,112,108,1,765
0,1213,112,108,1,1219
0,115,113,109,1,115
0,1658,1568,109,1,1691
116,114,110,1,116,19309
0,117,115,111,1,117
0,184,115,111,1,184
0,192,115,111,1,192
0,118,116,112,1,118
119,117,113,1,119,19309
120,118,114,1,120,19309
121,119,115,1,121,19309
0,1555,119,115,1,1575
0,2555,2430,115,1,2699
123,120,116,1,123,19309
304,120,116,1,304,20196
0,122,121,117,1,122
0,124,122,118,1,124
0,125,123,119,1,125
126,124,120,1,126,19463
0,127,126,121,1,127
128,125,122,1,128,19463
0,129,127,123,1,129
0,160,127,123,1,160
0,199,127,123,1,199
Approved by the Comics Code Authority,0,3505,127,123,1
0,130,128,124,1,130
0,131,130,124,1,131
0,450,422,124,1,450
138,129,125,1,138,19463
0,132,131,126,1,132
0,133,132,127,1,133
0,134,133,128,1,134
0,135,134,129,1,135
0,136,135,130,1,136
0,137,136,131,1,137
139,137,132,1,139,19463
Approved by the Comics Code Authority,0,3427,137,132,1
140,138,133,1,140,19463
141,139,134,1,141,19463
148,139,134,1,148,19614
Approved by the Comics Code Authority,0,3286,139,134,1
Approved by the Comics Code Authority,0,3306,139,134,1
142,140,135,1,142,19463
284,140,135,1,284,20056
639,140,135,1,640,20607
0,786,140,135,1,787
804,140,135,1,805,21670
143,141,136,1,143,19463
144,142,137,1,144,19614
145,143,138,1,145,19614
146,144,139,1,146,19614
147,145,140,1,147,19614
149,146,141,1,149,19614
0,1584,1499,141,1,1606
150,147,142,1,150,19614
151,148,143,1,151,19614
0,765,148,143,1,766
152,149,144,1,152,19614
0,1626,149,144,1,1648
Approved by the Comics Code Authority,0,3442,149,144,1
153,150,145,1,153,19614
0,446,150,145,1,446
0,696,150,145,1,697
0,154,151,147,1,154
0,166,151,147,1,166
0,155,152,148,1,155
0,156,153,149,1,156
0,157,154,150,1,157
0,159,155,151,1,159
0,161,156,152,1,161
250,156,152,1,250,19848
Approved by the Comics Code Authority,0,3319,156,152,1
0,162,157,153,1,162
0,164,158,154,1,164
0,165,159,155,1,165
0,167,160,156,1,167
0,169,161,157,1,169
,0,2059,161,157,1
,0,2065,161,157,1
,0,2082,161,157,1
,0,2139,161,157,1
0,170,162,158,1,170
0,171,163,159,1,171
0,172,164,160,1,172
0,173,168,161,1,173
0,174,169,162,1,174
0,175,170,163,1,175
0,176,171,164,1,176
Approved by the Comics Code Authority,0,3403,171,164,1
0,177,172,165,1,177
0,178,173,166,1,178
0,179,174,167,1,179
577,174,167,1,578,20364
0,180,175,168,1,180
0,181,176,169,1,181
0,182,177,170,1,182
0,183,178,171,1,183
0,185,179,172,1,185
0,186,180,173,1,186
0,187,182,175,1,187
0,188,183,176,1,188
0,189,184,177,1,189
0,190,185,178,1,190
0,191,186,179,1,191
0,193,187,180,1,193
0,194,188,181,1,194
0,195,189,182,1,195
0,196,190,183,1,196
197,191,184,1,197,19690
0,198,192,185,1,198
0,200,193,186,1,200
0,201,194,187,1,201
0,202,195,188,1,202
0,204,196,189,1,204
0,205,197,190,1,205
206,198,191,1,206,19690
207,199,192,1,207,19690
208,200,193,1,208,19690
Approved by the Comics Code Authority,0,3607,200,193,1
209,201,194,1,209,19690
210,202,195,1,210,19690
211,203,196,1,211,19690
Approved by the Comics Code Authority,0,3437,203,196,1
212,204,197,1,212,19690
213,205,198,1,213,19690
744,701,198,1,745,21293
214,206,199,1,214,19690
215,207,200,1,215,19690
216,208,201,1,216,19780
217,209,202,1,217,19780
218,210,203,1,218,19780
219,211,204,1,219,19780
220,212,205,1,220,19780
221,213,206,1,221,19780
222,214,207,1,222,19780
223,215,208,1,223,19780
Approved by the Comics Code Authority,0,3426,3215,208,1
224,216,209,1,224,19780
225,217,210,1,225,19780
0,226,218,211,1,226
0,227,219,212,1,227
0,228,220,213,1,228
0,229,221,213,1,229
0,230,222,213,1,230
0,231,223,214,1,231
0,232,224,215,1,232
0,233,225,216,1,233
0,234,226,216,1,234
0,235,227,217,1,235
0,617,227,217,1,618
0,236,228,218,1,236
0,332,228,218,1,332
0,237,229,219,1,237
0,238,230,220,1,238
0,239,231,220,1,239
0,240,232,221,1,240
0,246,232,221,1,246
0,375,232,221,1,375
0,2930,232,221,1,3176
Approved by the Comics Code Authority,0,3311,232,221,1
0,241,233,222,1,241
0,2096,1097,222,1,2196
0,242,234,223,1,242
0,243,235,224,1,243
0,244,236,225,1,244
0,245,237,226,1,245
0,247,238,227,1,247
248,239,228,1,248,19848
Approved by the Comics Code Authority,0,3446,239,228,1
249,240,229,1,249,19848
251,241,232,1,251,19848
Approved by the Comics Code Authority,0,3531,241,232,1
252,242,233,1,252,19848
253,243,234,1,253,19848
0,884,243,234,1,885
254,244,235,1,254,19848
255,245,236,1,255,19848
256,246,237,1,256,19848
257,247,238,1,257,19848
258,248,239,1,258,19918
259,249,240,1,259,19918
260,250,241,1,260,19918
261,251,242,1,261,19918
262,252,243,1,262,19918
263,253,244,1,263,19918
264,254,245,1,264,19918
265,255,246,1,265,19918
266,256,247,1,266,19918
267,257,248,1,267,19918
268,258,249,1,268,19918
303,258,249,1,303,20196
269,259,250,1,269,19991
270,260,251,1,270,19991
305,260,251,1,305,20196
852,260,251,1,853,22104
0,2567,2444,251,1,2717
0,2726,260,251,1,2937
Approved by the Comics Code Authority,0,3483,260,251,1
Approved by the Comics Code Authority,0,3489,260,251,1
Approved by the Comics Code Authority,0,3495,260,251,1
271,261,252,1,271,19991
272,262,253,1,272,19991
273,263,254,1,273,19991
308,263,254,1,308,20196
274,264,255,1,274,19991
275,265,255,1,275,19991
0,964,264,255,1,965
0,965,900,255,1,966
276,266,256,1,276,19991
277,267,257,1,277,19991
278,268,258,1,278,19991
279,269,259,1,279,19991
280,270,260,1,280,19991
281,271,261,1,281,20056
282,272,262,1,282,20056
283,273,263,1,283,20056
285,274,264,1,285,20056
286,275,265,1,286,20056
287,276,266,1,287,20056
288,277,267,1,288,20056
0,322,277,267,1,322
289,278,268,1,289,20056
Approved by the Comics Code Authority,0,3419,278,268,1
290,279,269,1,290,20056
291,280,270,1,291,20135
293,281,271,1,293,20135
294,282,272,1,294,20135
295,283,273,1,295,20135
296,284,274,1,296,20135
0,961,284,274,1,962
0,297,285,275,1,297
298,286,276,1,298,20135
299,287,277,1,299,20135
0,300,288,278,1,300
301,289,279,1,301,20135
302,290,280,1,302,20135
0,306,291,281,1,306
307,292,282,1,307,20196
310,293,283,1,310,20196
0,311,294,284,1,311
312,295,285,1,312,20196
0,313,296,286,1,313
314,297,288,1,314,20196
0,315,298,289,1,315
0,316,299,290,1,316
0,317,300,291,1,317
0,365,300,291,1,365
0,380,300,291,1,380
0,318,301,292,1,318
0,319,302,293,1,319
0,320,303,294,1,320
0,321,304,295,1,321
558,304,295,1,558,20273
0,323,305,296,1,323
0,324,306,297,1,324
0,325,307,298,1,325
0,326,308,299,1,326
Approved by the Comics Code Authority,0,3503,308,299,1
0,328,309,300,1,328
0,331,312,303,1,331
0,333,314,305,1,333
0,334,315,306,1,334
0,335,316,307,1,335
0,336,317,308,1,336
0,337,318,309,1,337
0,339,319,310,1,339
0,340,320,311,1,340
0,341,321,312,1,341
0,342,322,313,1,342
0,408,381,313,1,408
0,343,323,314,1,343
0,419,117,314,1,419
0,344,324,315,1,344
0,345,325,316,1,345
0,346,326,317,1,346
0,347,328,318,1,347
0,348,329,319,1,348
0,350,331,320,1,350
0,351,332,321,1,351
0,352,333,322,1,352
0,353,334,323,1,353
0,354,335,324,1,354
0,355,336,325,1,355
0,356,337,326,1,356
0,357,338,327,1,357
0,358,339,328,1,358
0,359,340,329,1,359
0,360,341,330,1,360
0,362,342,331,1,362
0,364,344,332,1,364
0,366,345,333,1,366
0,368,346,334,1,368
0,369,347,335,1,369
0,370,348,336,1,370
0,371,349,337,1,371
0,373,350,338,1,373
0,374,351,339,1,374
0,376,352,340,1,376
0,377,353,341,1,377
0,378,354,342,1,378
0,474,354,342,1,474
0,381,355,343,1,381
0,382,356,343,1,382
0,383,357,344,1,383
0,384,358,345,1,384
0,385,359,346,1,385
0,386,360,347,1,386
0,387,361,348,1,387
0,388,362,349,1,388
0,390,363,350,1,390
Approved by the Comics Code Authority,0,3411,363,350,1
0,391,364,351,1,391
0,392,365,352,1,392
0,393,366,353,1,393
0,411,366,353,1,411
0,395,367,354,1,395
0,396,369,355,1,396
0,397,370,357,1,397
0,760,370,357,1,761
Approved by the Comics Code Authority,0,3708,370,357,1
0,398,371,358,1,398
0,399,372,359,1,399
0,400,374,361,1,400
0,402,375,361,1,402
0,403,376,362,1,403
0,404,377,363,1,404
0,405,378,364,1,405
0,406,379,365,1,406
0,407,380,366,1,407
0,409,382,368,1,409
0,410,383,369,1,410
0,1858,1759,369,1,1917
0,412,384,370,1,412
0,413,385,371,1,413
0,767,385,371,1,768
0,415,386,372,1,415
0,414,387,373,1,414
0,416,388,374,1,416
0,417,389,375,1,417
0,418,390,376,1,418
0,420,392,377,1,420
0,421,393,378,1,421
0,422,394,379,1,422
0,423,395,380,1,423
0,424,396,381,1,424
0,425,397,382,1,425
0,426,398,383,1,426
Approved by the Comics Code Authority,0,3452,398,383,1
0,427,399,384,1,427
0,428,400,385,1,428
0,429,401,386,1,429
0,430,402,387,1,430
0,431,403,388,1,431
0,1093,1021,388,1,1095
0,432,404,389,1,432
0,433,405,390,1,433
0,435,407,393,1,435
0,436,408,394,1,436
0,437,409,395,1,437
Approved by the Comics Code Authority,0,3376,409,395,1
0,438,410,396,1,438
0,676,410,396,1,677
0,439,411,397,1,439
0,440,412,398,1,440
0,441,413,399,1,441
0,947,413,399,1,948
0,442,414,400,1,442
0,443,415,401,1,443
0,747,415,401,1,748
0,444,416,402,1,444
0,445,417,403,1,445
Approved by the Comics Code Authority,0,3443,417,403,1
0,447,419,405,1,447
Approved by the Comics Code Authority,0,3417,419,405,1
0,448,420,406,1,448
0,449,421,407,1,449
0,451,423,408,1,451
0,452,424,409,1,452
0,453,425,410,1,453
0,454,426,412,1,454
0,455,427,413,1,455
0,456,428,414,1,456
0,457,429,415,1,457
0,458,430,416,1,458
0,459,432,417,1,459
0,460,433,418,1,460
0,461,434,419,1,461
0,462,435,420,1,462
0,463,436,421,1,463
0,464,437,422,1,464
0,465,438,423,1,465
567,438,423,1,568,20364
647,438,423,1,648,20690
677,438,423,1,678,20921
679,638,423,1,680,20921
0,466,439,424,1,466
0,467,440,425,1,467
0,468,442,426,1,468
0,469,443,427,1,469
0,470,444,428,1,470
0,471,445,429,1,471
0,472,446,430,1,472
0,473,447,431,1,473
0,475,448,432,1,475
0,476,449,433,1,476
0,477,450,434,1,477
0,478,451,435,1,478
0,479,452,436,1,479
0,480,453,437,1,480
0,481,454,438,1,481
0,1365,832,438,1,1375
0,482,455,439,1,482
0,483,456,440,1,483
0,484,457,441,1,484
Approved by the Comics Code Authority,0,3542,457,441,1
0,485,458,442,1,485
582,458,442,1,583,20364
0,486,459,443,1,486
Approved by the Comics Code Authority,0,3701,459,443,1
0,487,460,444,1,487
0,488,461,445,1,488
0,489,462,446,1,489
0,490,463,447,1,490
0,491,464,448,1,491
0,492,466,449,1,492
0,493,467,450,1,493
0,494,468,451,1,494
0,495,469,452,1,495
0,496,470,453,1,496
0,497,471,454,1,497
0,498,472,455,1,498
0,499,473,456,1,499
0,500,474,457,1,500
0,501,475,457,1,501
0,502,476,458,1,502
0,503,477,459,1,503
0,504,478,460,1,504
0,505,479,461,1,505
0,506,480,462,1,506
0,2974,2846,462,1,3220
0,507,481,463,1,507
0,508,482,464,1,508
0,509,483,465,1,509
Approved by the Comics Code Authority,0,3488,483,465,1
0,510,484,466,1,510
0,511,485,467,1,511
0,512,486,469,1,512
0,513,487,470,1,513
0,514,488,471,1,514
0,515,489,472,1,515
0,516,490,473,1,516
0,517,491,474,1,517
0,518,492,475,1,518
0,519,493,476,1,519
Approved by the Comics Code Authority,0,3465,493,476,1
0,520,494,477,1,520
0,521,61,478,1,521
0,522,495,479,1,522
0,523,496,480,1,523
0,524,497,481,1,524
0,525,498,482,1,525
0,526,499,483,1,526
0,527,500,484,1,527
0,1358,500,484,1,1367
0,528,501,485,1,528
0,529,502,486,1,529
862,502,486,1,863,22181
868,502,486,1,869,22260
0,1319,502,486,1,1328
0,2904,502,486,1,3150
0,530,503,487,1,530
0,531,504,488,1,531
0,2874,504,488,1,3117
0,532,505,489,1,532
0,533,506,490,1,533
0,534,507,491,1,534
Approved by the Comics Code Authority,0,3577,507,491,1
0,535,508,492,1,535
0,536,509,493,1,536
0,537,510,494,1,537
0,538,511,494,1,538
812,512,495,1,813,21737
0,540,513,496,1,540
0,541,514,497,1,541
0,542,515,498,1,542
0,543,516,499,1,543
0,544,517,500,1,544
0,545,518,501,1,545
0,1261,518,501,1,1269
0,546,519,502,1,546
Approved by the Comics Code Authority,0,3389,519,502,1
0,547,520,503,1,547
0,548,521,504,1,548
0,549,522,505,1,549
0,550,523,506,1,550
0,551,524,507,1,551
0,552,525,508,1,552
553,526,509,1,553,20273
0,560,528,510,1,561
555,529,511,1,555,20273
556,529,511,1,556,20273
557,530,512,1,557,20273
645,530,512,1,646,20690
667,530,512,1,668,20844
559,532,514,1,560,20273
0,561,533,515,1,562
562,534,516,1,563,20273
0,563,535,517,1,564
0,1174,535,517,1,1177
0,1572,535,517,1,1594
0,3081,2938,517,1,3332
564,537,518,1,565,20273
0,566,538,519,1,567
0,565,536,520,1,566
0,568,539,521,1,569
0,569,540,522,1,570
0,570,542,523,1,571
0,571,543,524,1,572
572,541,525,1,573,20364
0,573,545,526,1,574
0,574,544,527,1,575
575,546,528,1,576,20364
576,547,529,1,577,20364
0,579,548,530,1,580
0,578,549,531,1,579
580,550,532,1,581,20364
0,581,551,533,1,582
0,1230,1163,533,1,1237
0,583,553,534,1,584
0,584,552,535,1,585
0,585,554,536,1,586
586,556,537,1,587,20442
0,587,557,538,1,588
589,559,539,1,590,20442
0,590,558,540,1,591
0,592,563,541,1,593
0,593,561,542,1,594
0,594,562,542,1,595
0,595,564,543,1,596
0,596,565,544,1,597
0,597,566,545,1,598
599,560,546,1,600,20442
0,1906,1809,546,1,1973
0,598,567,547,1,599
0,601,568,548,1,602
0,600,569,549,1,601
602,570,550,1,603,20442
0,603,572,551,1,604
0,1181,1111,551,1,1184
0,2700,2590,551,1,2893
604,573,552,1,605,20442
0,605,571,553,1,606
0,606,574,554,1,607
Approved by the Comics Code Authority,0,3440,574,554,1
0,607,575,555,1,608
608,576,556,1,609,20442
609,577,556,1,610,20442
610,578,557,1,611,20442
0,611,579,558,1,612
0,623,579,558,1,624
0,612,580,559,1,613
0,614,581,560,1,615
0,615,582,561,1,616
0,616,583,562,1,617
0,618,584,563,1,619
0,619,585,564,1,620
0,620,586,565,1,621
Approved by the Comics Code Authority,0,3377,586,565,1
0,621,587,566,1,622
0,622,588,567,1,623
0,624,589,569,1,625
0,625,591,570,1,626
0,626,592,571,1,627
0,627,593,571,1,628
0,628,594,572,1,629
629,595,575,1,630,20522
630,596,576,1,631,20522
631,597,577,1,632,20522
632,598,578,1,633,20522
633,599,579,1,634,20522
634,600,580,1,635,20522
635,601,581,1,636,20522
636,602,582,1,637,20522
637,603,582,1,638,20522
638,604,583,1,639,20607
640,605,584,1,641,20607
641,606,585,1,642,20607
642,607,586,1,643,20607
643,608,587,1,644,20607
644,609,588,1,645,20607
646,610,589,1,647,20690
648,611,590,1,649,20690
649,612,591,1,650,20690
650,613,592,1,651,20690
666,613,592,1,667,20844
651,614,593,1,652,20690
0,3004,614,593,2,3253
652,615,594,1,653,20690
653,616,595,1,654,20763
654,617,596,1,655,20763
655,618,597,1,656,20763
656,619,598,1,657,20763
657,620,599,1,658,20763
658,621,600,1,659,20763
659,622,601,1,660,20763
660,623,602,1,661,20844
661,624,603,1,662,20844
Approved by the Comics Code Authority,0,3594,624,603,1
662,625,604,1,663,20844
663,626,605,1,664,20844
664,627,606,1,665,20844
665,628,607,1,666,20844
668,629,608,1,669,20921
669,630,609,1,670,20921
670,631,610,1,671,20921
671,632,610,1,672,20921
672,633,610,1,673,20921
673,634,611,1,674,20921
674,635,611,1,675,20921
675,636,612,1,676,20921
0,678,637,613,1,679
680,639,614,1,681,20921
681,640,615,1,682,20921
682,641,616,1,683,20921
0,683,642,617,1,684
0,686,643,618,1,687
0,687,645,619,1,688
0,688,646,620,1,689
0,689,647,621,1,690
0,690,648,622,1,691
0,691,649,623,1,692
0,692,650,623,1,693
0,693,651,624,1,694
0,694,652,625,1,695
Approved by the Comics Code Authority,0,3475,652,625,1
0,695,653,626,1,696
0,697,654,627,1,698
Approved by the Comics Code Authority,0,3327,654,627,1
0,698,655,628,1,699
0,699,656,629,1,700
0,700,657,630,1,701
701,658,631,1,702,20991
702,659,632,1,703,20991
703,660,633,1,704,20991
704,661,634,1,705,20991
705,662,635,1,706,20991
706,663,636,1,707,20991
707,664,637,1,708,21072
708,665,638,1,709,21072
Approved by the Comics Code Authority,0,3603,665,638,1
709,666,639,1,710,21072
710,667,640,1,711,21072
711,668,641,1,712,21072
712,669,642,1,713,21072
713,670,643,1,714,21138
714,671,644,1,715,21138
715,672,645,1,716,21138
0,2630,2514,645,1,2799
716,673,646,1,717,21138
717,674,647,1,718,21138
718,675,648,1,719,21138
719,676,649,1,720,21138
Approved by the Comics Code Authority,0,3534,676,649,1
720,677,650,1,721,21224
721,678,651,1,722,21224
722,679,652,1,723,21224
723,680,653,1,724,21224
724,681,654,1,725,21224
725,613,655,1,726,21224
726,682,656,1,727,21224
Approved by the Comics Code Authority,0,3591,682,656,1
0,727,683,657,1,728
0,728,684,658,1,729
0,729,685,659,1,730
0,730,686,660,1,731
0,731,687,661,1,732
0,1841,1743,661,1,1899
0,732,688,662,1,733
0,733,689,663,1,734
0,734,691,665,1,735
0,735,692,666,1,736
0,736,693,667,1,737
737,694,668,1,738,21293
0,738,695,669,1,739
739,696,670,1,740,21293
740,697,671,1,741,21293
0,741,699,672,1,742
742,698,673,1,743,21293
743,700,674,1,744,21293
0,745,389,675,1,746
746,702,676,1,747,21293
748,703,677,1,749,21375
749,704,678,1,750,21375
750,705,679,1,751,21375
0,751,706,680,1,752
752,707,681,1,753,21375
,0,1947,707,681,1
0,2906,707,681,1,3152
0,753,708,682,1,754
754,709,683,1,755,21375
0,1254,709,683,1,1262
0,1375,709,683,1,1385
,0,2058,709,683,1
,0,2060,709,683,1
,0,2067,709,683,1
0,2247,709,683,1,2362
0,755,710,684,1,756
0,1067,710,684,1,1069
0,756,711,685,1,757
0,757,712,686,1,758
758,713,687,1,759,21375
759,714,688,1,760,21375
761,715,689,1,762,21455
762,716,690,1,763,21455
0,763,717,691,1,764
766,718,692,1,767,21455
769,719,693,1,770,21455
0,768,720,694,1,769
0,770,721,695,1,771
0,771,723,696,1,772
772,722,697,1,773,21455
0,773,724,698,1,774
774,725,699,1,775,21455
775,726,700,1,776,21455
0,2736,726,700,1,2947
776,727,701,1,777,21527
777,728,702,1,778,21527
816,728,702,1,817,21805
778,729,703,1,779,21527
779,730,704,1,780,21527
780,731,705,1,781,21527
781,732,706,1,782,21527
0,1300,732,706,1,1309
782,733,707,1,783,21527
0,783,734,708,1,784
0,1089,734,708,1,1091
Approved by the Comics Code Authority,0,3436,734,708,1
0,784,735,709,1,785
0,785,736,709,1,786
0,787,737,710,1,788
0,788,738,711,1,789
0,789,739,711,1,790
0,790,740,713,1,791
0,791,741,714,1,792
0,792,742,715,1,793
793,743,716,1,794,21601
795,744,717,1,796,21601
796,745,718,1,797,21601
797,746,719,1,798,21601
798,747,720,1,799,21601
799,748,721,1,800,21601
0,1154,748,721,1,1156
800,749,722,1,801,21670
801,750,723,1,802,21670
,0,2224,750,723,1
802,751,724,1,803,21670
803,752,725,1,804,21670
805,753,726,1,806,21670
806,754,727,1,807,21670
807,755,728,1,808,21737
1020,755,728,1,1021,23179
0,3023,2891,728,2,3272
808,756,729,1,809,21737
809,757,730,1,810,21737
810,758,731,1,811,21737
,0,1973,758,731,1
811,759,732,1,812,21737
813,760,733,1,814,21737
814,761,734,1,815,21805
0,1396,761,734,1,1406
815,762,735,1,816,21805
817,763,736,1,818,21805
818,764,737,1,819,21805
819,765,738,1,820,21805
820,766,739,1,821,21805
821,140,740,1,822,21805
822,767,741,1,823,21878
823,768,742,1,824,21878
824,769,743,1,825,21878
825,770,744,1,826,21878
826,771,745,1,827,21878
827,772,746,1,828,21878
828,773,747,1,829,21878
829,774,748,1,830,21878
0,1239,774,748,1,1246
0,830,775,749,1,831
0,831,776,750,1,832
0,832,777,751,1,833
0,833,778,752,1,834
0,834,779,753,1,835
0,835,780,754,1,836
0,836,781,755,1,837
837,782,756,1,838,21949
838,783,757,1,839,21949
839,784,758,1,840,21949
840,785,759,1,841,21949
841,786,760,1,842,21949
842,787,761,1,843,21949
843,788,762,1,844,21949
844,789,763,1,845,21949
937,789,763,1,938,22733
845,790,764,1,846,22026
846,791,765,1,847,22026
847,792,766,1,848,22026
848,793,767,1,849,22026
849,794,768,1,850,22104
850,795,769,1,851,22104
851,796,770,1,852,22104
853,797,771,1,854,22104
854,798,772,1,855,22104
855,799,773,1,856,22104
856,800,774,1,857,22104
857,801,775,1,858,22181
923,801,775,1,924,22604
,0,2310,801,775,1
0,3204,3046,775,1,3474
858,802,776,1,859,22181
859,803,777,1,860,22181
860,804,777,1,861,22181
861,805,778,1,862,22181
863,806,779,1,864,22181
864,807,780,1,865,22181
865,808,781,1,866,22260
866,809,782,1,867,22260
867,810,783,1,868,22260
869,811,784,1,870,22260
870,812,785,1,871,22260
871,813,786,1,872,22260
872,814,787,1,873,22260
873,815,788,1,874,22260
874,816,789,1,875,22260
0,875,817,790,1,876
0,876,818,791,1,877
0,877,819,792,1,878
0,878,820,793,1,879
0,879,821,794,1,880
0,880,822,795,1,881
0,881,823,796,1,882
0,882,824,797,1,883
0,883,825,798,1,884
0,885,826,799,1,886
Approved by the Comics Code Authority,0,3406,826,799,1
0,886,827,800,1,887
0,887,828,801,1,888
0,3060,2923,801,1,3311
0,3061,2923,801,1,3312
888,829,802,1,889,22339
0,890,830,803,1,891
889,831,804,1,890,22339
891,832,805,1,892,22339
0,892,833,806,1,893
893,834,807,1,894,22339
0,894,835,808,1,895
895,836,809,1,896,22339
896,837,810,1,897,22339
897,838,811,1,898,22339
898,839,812,1,899,22339
899,840,813,1,900,22412
900,841,814,1,901,22412
901,842,815,1,902,22412
902,843,816,1,903,22412
903,844,817,1,904,22412
904,845,818,1,905,22412
906,846,819,1,907,22412
907,847,820,1,908,22477
0,1438,847,820,1,1448
908,848,821,1,909,22477
909,849,822,1,910,22477
930,849,822,1,931,22671
910,850,823,1,911,22477
911,851,824,1,912,22477
912,852,825,1,913,22477
913,853,826,1,914,22477
914,854,827,1,915,22543
915,856,828,1,916,22543
916,857,829,1,917,22543
,0,2231,857,829,1
917,858,830,1,918,22543
918,859,831,1,919,22543
919,860,832,1,920,22543
,0,2160,860,832,1
,0,2186,860,832,1
920,861,833,1,921,22543
921,862,834,1,922,22604
922,863,835,1,923,22604
924,864,836,1,925,22604
925,865,837,1,926,22604
926,866,838,1,927,22604
927,867,839,1,928,22671
928,868,840,1,929,22671
0,1343,868,840,1,1352
0,1379,868,840,1,1389
,0,2172,868,840,1
0,2883,868,840,1,3126
Approved by the Comics Code Authority,0,3617,868,840,1
929,869,841,1,930,22671
931,870,842,1,932,22671
932,871,843,1,933,22671
933,872,844,1,934,22671
934,873,845,1,935,22733
935,874,846,1,936,22733
936,875,847,1,937,22733
938,876,848,1,939,22733
939,877,849,1,940,22733
940,878,850,1,941,22733
,0,2071,878,850,1
941,879,851,1,942,22798
942,880,852,1,943,22798
943,881,853,1,944,22798
944,882,854,1,945,22798
945,883,855,1,946,22798
0,946,884,856,1,947
0,948,885,857,1,949
0,949,886,858,1,950
0,950,887,859,1,951
0,951,888,860,1,952
0,952,889,861,1,953
0,1565,889,861,1,1586
0,953,890,862,1,954
0,954,891,863,1,955
0,955,892,864,1,956
0,956,893,865,1,957
0,957,894,866,1,958
Approved by the Comics Code Authority,0,3373,894,866,1
0,958,895,867,1,959
0,959,896,868,1,960
0,960,897,869,1,961
0,962,898,870,1,963
0,963,899,871,1,964
0,966,901,872,1,967
0,980,901,872,1,981
0,967,902,873,1,968
0,968,903,874,1,969
0,969,904,875,1,970
0,970,905,876,1,971
0,971,906,877,1,972
0,1312,906,877,1,1321
Approved by the Comics Code Authority,0,3405,906,877,1
0,972,907,878,1,973
0,973,908,879,1,974
0,974,909,880,1,975
0,975,910,881,1,976
0,2090,1983,881,1,2187
0,976,912,882,1,977
0,977,150,883,1,978
0,978,913,884,1,979
0,979,914,885,1,980
0,981,915,886,1,982
0,982,916,887,1,983
0,1066,916,887,1,1068
0,983,917,888,1,984
0,984,918,889,1,985
0,985,919,890,1,986
0,986,920,891,1,987
0,987,921,892,1,988
0,988,922,893,1,989
0,989,923,893,1,990
0,990,924,893,1,991
0,991,926,893,1,992
0,992,927,894,1,993
0,993,928,895,1,994
0,994,929,896,1,995
995,930,897,1,996,22852
0,1451,930,897,1,1461
0,3073,930,897,1,3324
996,932,898,1,997,22852
0,997,931,899,1,998
998,933,900,1,999,22852
999,934,901,1,1000,22852
1000,935,902,1,1001,22852
1001,936,903,1,1002,22852
1002,937,904,1,1003,22915
1003,938,905,1,1004,22915
1004,939,906,1,1005,22915
1005,940,907,1,1006,22915
,0,2311,940,907,1
1006,941,908,1,1007,22915
1007,942,909,1,1008,22915
1008,415,910,1,1009,22979
0,1294,415,910,1,1303
0,1395,415,910,1,1405
,0,2150,415,910,1
,0,2354,415,910,1
1009,943,911,1,1010,22979
1010,944,912,1,1011,22979
1011,945,913,1,1012,22979
1012,946,914,1,1013,22979
0,1386,946,914,1,1396
,0,2153,946,914,1
1013,947,915,1,1014,23049
1014,948,916,1,1015,23049
1015,949,917,1,1016,23049
1016,950,918,1,1017,23049
1017,951,919,1,1018,23113
1018,952,920,1,1019,23113
1019,953,921,1,1020,23113
1021,954,922,1,1022,23179
1022,955,923,1,1023,23179
1023,956,924,1,1024,23179
,0,2234,956,924,1
1024,957,925,1,1025,23179
1025,958,926,1,1026,23246
1026,959,927,1,1027,23246
1027,960,928,1,1028,23246
1028,961,929,1,1029,23246
0,2672,2557,929,1,2854
1029,962,930,1,1030,23246
1030,963,931,1,1031,23246
1031,964,932,1,1032,23246
1032,965,933,1,1033,23301
1033,966,934,1,1034,23301
1034,967,935,1,1035,23301
1035,968,936,1,1036,23301
1036,238,937,1,1037,23301
0,1457,238,937,1,1467
1037,969,938,1,1038,23301
1038,970,939,1,1039,23301
1039,140,940,1,1040,23359
1040,972,941,1,1042,23359
1041,973,942,1,1043,23359
0,2650,2535,942,1,2825
0,2666,2551,942,1,2845
0,2683,2570,942,1,2868
1042,974,943,1,1044,23359
0,1043,975,944,1,1045
0,1044,976,945,1,1046
0,1045,977,946,1,1047
0,1046,978,947,1,1048
0,1047,979,947,1,1049
0,1048,980,947,1,1050
0,1049,981,947,1,1051
0,1050,982,947,1,1052
0,1051,983,947,1,1053
0,1052,984,947,1,1054
0,1053,985,947,1,1055
0,1054,986,947,1,1056
0,1055,987,947,1,1057
0,1056,988,947,1,1058
0,1057,989,948,1,1059
0,1058,990,949,1,1060
0,1059,991,950,1,1061
0,1060,992,951,1,1062
0,2871,992,951,1,3114
0,1061,993,952,1,1063
0,1062,994,953,1,1064
0,1063,995,954,1,1065
0,1064,996,955,1,1066
0,1065,997,956,1,1067
0,1068,998,957,1,1070
0,1069,999,958,1,1071
0,1070,1000,958,1,1072
0,1071,1001,959,1,1073
0,1072,1002,960,1,1074
0,1073,1003,961,1,1075
0,1074,1004,962,1,1076
0,1075,1005,963,1,1077
0,1076,1006,964,1,1078
0,1077,1007,965,1,1079
0,1078,1008,966,1,1080
0,1079,1009,967,1,1081
0,1080,413,967,1,1082
0,1081,1010,968,1,1083
0,1157,1010,968,1,1159
,0,2061,1010,968,1
0,1082,1011,969,1,1084
0,1083,1012,970,1,1085
0,1084,1013,971,1,1086
0,1085,1014,972,1,1087
0,1086,1015,973,1,1088
0,1087,1016,974,1,1089
0,1088,1017,975,1,1090
0,1090,1018,976,1,1092
0,1091,1019,977,1,1093
0,1092,1020,978,1,1094
0,1094,1022,979,1,1096
0,1095,1023,980,1,1097
0,1096,1024,981,1,1098
0,1097,1025,981,1,1099
0,1098,1026,982,1,1100
0,1099,1027,983,1,1101
0,1100,1028,984,1,1102
0,1101,1029,984,1,1103
0,1102,1030,984,1,1104
0,1103,1031,984,1,1105
0,1104,1032,985,1,1106
0,1105,1033,986,1,1107
0,1106,1035,987,1,1108
0,1107,1036,988,1,1109
0,1108,1037,989,1,1110
0,1109,1038,990,1,1111
0,1110,1039,991,1,1112
0,1111,1040,992,1,1113
0,1112,1041,993,1,1114
0,1113,1042,994,1,1115
0,1114,1043,995,1,1116
0,1115,1044,996,1,1117
0,1116,1045,997,1,1118
0,1117,1046,998,1,1119
Approved by the Comics Code Authority,0,3613,1046,998,1
Approved by the Comics Code Authority,0,3632,1046,998,1
0,1118,1047,999,1,1120
0,1119,1048,1000,1,1121
0,1120,1049,1001,1,1122
0,1121,1050,1002,1,1123
0,1122,457,1003,1,1124
Approved by the Comics Code Authority,0,3606,457,1003,1
0,1123,1051,1004,1,1125
0,1124,1052,1005,1,1126
0,1125,1053,1006,1,1127
0,1126,1054,1007,1,1128
0,1127,1056,1008,1,1129
0,1128,1057,1009,1,1130
0,1129,1058,1010,1,1131
0,1130,1059,1011,1,1132
0,1131,1060,1011,1,1133
0,1132,1061,1012,1,1134
0,1133,1062,1013,1,1135
0,1134,1063,1014,1,1136
0,1135,1064,1015,1,1137
0,1282,1064,1015,1,1290
0,1716,1064,1015,1,1761
,0,2227,1064,1015,1
0,1136,1065,1016,1,1138
0,1137,1067,1017,1,1139
0,1138,1068,1018,1,1140
0,1139,1069,1019,1,1141
0,1140,1070,1020,1,1142
0,1141,1071,1021,1,1143
0,1142,1072,1022,1,1144
0,1143,1073,1023,1,1145
0,1144,1074,1024,1,1146
0,1145,1075,1025,1,1147
0,1146,1076,1026,1,1148
0,1147,1077,1027,1,1149
Approved by the Comics Code Authority,0,3620,1077,1027,1
0,1148,1078,1028,1,1150
0,1149,1079,1029,1,1151
0,1150,1080,1030,1,1152
0,1151,1081,1031,1,1153
0,1152,1082,1032,1,1154
0,1153,1083,1033,1,1155
0,2882,1083,1033,1,3125
0,1155,1084,1034,1,1157
0,1156,1085,1035,1,1158
0,1158,1086,1036,1,1160
0,1159,1087,1037,1,1161
0,1160,1088,1038,1,1162
0,1161,1089,1039,1,1163
0,1504,1089,1039,1,1518
0,1162,1090,1040,1,1164
0,1163,1091,1041,1,1165
0,1195,1127,1041,1,1200
0,1654,1563,1041,1,1686
1,2981,2852,1041,2,3227
0,3663,3406,1041,2,3945
1164,1092,1042,1,1166,18394
0,1200,1133,1042,1,1206
1165,1093,1043,1,1167,18394
0,1166,1094,1044,1,1168
0,1214,1146,1044,1,1220
0,1223,1155,1044,1,1229
0,1686,1595,1044,1,1726
0,1167,1095,1045,1,1169
0,1168,1096,1046,1,1170
1,2109,2003,1046,2,2212
0,1169,1098,1048,1,1172
0,1170,1099,1049,1,1173
0,1171,1100,1050,1,1174
0,1172,1101,1051,1,1175
0,1173,1102,1052,1,1176
0,1227,566,1052,1,1234
0,2518,2390,1052,1,2657
0,1175,1104,1053,1,1178
0,1176,1106,1054,1,1179
0,1177,1107,1055,1,1180
0,1178,1108,1056,1,1181
0,1179,1109,1057,1,1182
0,1180,1110,1058,1,1183
0,1182,1112,1060,1,1185
0,2393,2261,1060,1,2515
0,1183,1113,1061,1,1186
0,1184,1114,1062,1,1187
0,1196,1128,1062,1,1201
0,1202,1135,1062,1,1208
0,1203,1136,1062,1,1209
0,2255,2139,1062,1,2371
0,2986,2855,1062,2,3232
0,1185,1115,1063,1,1188
0,1186,1116,1064,1,1189
0,1187,1118,1065,1,1191
0,1188,1119,1066,1,1192
0,1189,1120,1067,1,1193
0,1190,1121,1068,1,1194
0,1191,1122,1069,1,1195
0,1192,1123,1070,1,1196
0,1194,1126,1070,1,1199
0,1193,1124,1071,1,1197
0,1978,1888,1071,1,2055
0,1197,1130,1073,1,1203
0,1198,1131,1074,1,1204
1199,1132,1075,1,1205,18624
0,1234,1167,1075,1,1241
0,1201,1134,1077,1,1207
0,1233,1166,1077,1,1240
0,1204,1137,1080,1,1210
0,1205,1138,1081,1,1211
0,1206,1139,1082,1,1212
0,1651,1560,1082,1,1682
0,3664,3407,1082,2,3946
0,1207,1140,1083,1,1213
0,1208,1141,1084,1,1214
0,1209,1142,1085,1,1215
0,1210,1143,1086,1,1216
0,1211,1144,1087,1,1217
0,1212,1145,1088,1,1218
0,1215,1147,1089,1,1221
0,1216,1148,1090,1,1222
0,1217,1149,1091,1,1223
0,1500,1402,1091,1,1514
0,1505,1407,1091,1,1519
0,2522,2394,1091,1,2661
0,1218,1150,1092,1,1224
0,1219,1151,1093,1,1225
1220,1152,1094,1,1226,18624
0,1221,1153,1095,1,1227
1222,1154,1096,1,1228,18624
0,1224,1156,1097,1,1230
0,1225,1157,1098,1,1231
0,1226,1159,1100,1,1233
0,1228,1160,1101,1,1235
0,1735,1638,1101,1,1780
0,1229,1162,1102,1,1236
0,1231,1164,1104,1,1238
0,1562,1467,1104,1,1582
0,1232,1165,1105,1,1239
0,1235,1168,1106,1,1242
0,1236,1169,1107,1,1243
0,1237,1170,1108,1,1244
0,1238,1171,1109,1,1245
0,1240,1173,1111,1,1248
0,1241,1174,1112,1,1249
0,1242,1175,1113,1,1250
0,1243,1176,1114,1,1251
0,1244,1177,1115,1,1252
0,1245,1178,1116,1,1253
0,1246,1179,1117,1,1254
0,1247,1180,1118,1,1255
0,1248,1181,1119,1,1256
0,1249,1182,1120,1,1257
0,1250,1183,1121,1,1258
0,1251,1184,1122,1,1259
0,1252,1185,1123,1,1260
0,1253,1191,1124,1,1261
0,1255,1192,1125,1,1263
0,1256,1193,1126,1,1264
0,1257,1194,1127,1,1265
0,1258,1195,1128,1,1266
0,1259,1196,1129,1,1267
0,1260,1197,1130,1,1268
,0,1987,1197,1130,1
0,1262,1198,1131,1,1270
0,1263,1199,1132,1,1271
0,1264,1200,1133,1,1272
0,1265,1201,1134,1,1273
0,1266,1202,1135,1,1274
0,1267,1203,1136,1,1275
0,1268,1204,1137,1,1276
0,1269,1205,1138,1,1277
0,1270,1206,1139,1,1278
0,1271,1207,1140,1,1279
0,1272,1208,1141,1,1280
0,1273,1209,1142,1,1281
0,1274,1210,1143,1,1282
0,1275,1211,1144,1,1283
0,1276,1018,1145,1,1284
0,1277,1212,1146,1,1285
0,1278,1213,1147,1,1286
0,1279,1214,1148,1,1287
0,1280,1215,1149,1,1288
0,1281,1216,1150,1,1289
0,1283,1217,1151,1,1291
0,1284,1218,1152,1,1292
0,1364,1218,1152,1,1374
0,1285,1219,1153,1,1293
0,1286,1220,1154,1,1294
0,1287,1221,1155,1,1295
0,1288,1222,1156,1,1296
0,1289,1223,1157,1,1297
0,1290,1224,1158,1,1298
0,1291,1225,1159,1,1299
0,1292,1226,1160,1,1300
0,1293,1227,1161,1,1301
0,2782,2672,1162,1,3001
0,1295,1229,1163,1,1304
0,1296,1230,1164,1,1305
0,1297,1231,1165,1,1306
0,1298,1232,1166,1,1307
0,1299,1233,1167,1,1308
0,1301,1234,1168,1,1310
0,1302,1235,1169,1,1311
0,1303,1236,1170,1,1312
0,2671,2556,1170,1,2852
0,1304,1237,1171,1,1313
0,1305,1238,1172,1,1314
0,1306,1239,1173,1,1315
0,1307,1240,1174,1,1316
0,1308,1241,1175,1,1317
0,1309,1242,1176,1,1318
0,1310,626,1177,1,1319
0,2896,626,1177,1,3142
0,1311,1243,1178,1,1320
0,1313,1245,1179,1,1322
0,1314,1201,1180,1,1323
0,1315,1246,1181,1,1324
0,1316,1247,1182,1,1325
0,1317,1248,1183,1,1326
0,1318,1249,1184,1,1327
0,1320,1251,1185,1,1329
0,1321,1251,1185,1,1330
0,1322,1252,1186,1,1331
0,1323,1253,1187,1,1332
0,2934,1253,1187,1,3180
0,1324,1254,1188,1,1333
0,1325,1255,1189,1,1334
0,1326,1256,1190,1,1335
0,1327,1257,1191,1,1336
0,1454,1257,1191,1,1464
0,1328,1258,1192,1,1337
0,1329,1259,1193,1,1338
0,1330,168,1194,1,1339
0,1331,1260,1195,1,1340
0,1332,1261,1196,1,1341
0,1333,1262,1197,1,1342
0,1334,1263,1198,1,1343
0,1335,1264,1200,1,1344
0,1336,1265,1201,1,1345
0,1337,930,1202,1,1346
0,434,406,1203,1,434
0,1338,1266,1203,1,1347
0,1339,1267,1204,1,1348
,0,2157,1267,1204,1
0,1340,1268,1205,1,1349
0,1341,1269,1206,1,1350
0,1342,1270,1207,1,1351
0,1344,1271,1208,1,1353
0,2873,2766,1208,1,3116
0,1345,1272,1209,1,1354
0,1346,1273,1210,1,1355
0,1347,1274,1211,1,1356
0,1348,1275,1212,1,1357
0,1349,1276,1213,1,1358
0,1350,1277,1214,1,1359
0,1351,1278,1215,1,1360
0,1352,1279,1216,1,1361
0,1353,1280,1217,1,1362
0,1354,1281,1218,1,1363
0,1355,1282,1219,1,1364
0,1356,1283,1220,1,1365
,0,2235,1283,1220,1
,0,2346,1283,1220,1
0,1357,1284,1221,1,1366
0,1359,1285,1222,1,1368
0,1360,1286,1223,1,1369
0,1361,1287,1224,1,1370
0,3205,1287,1224,1,3475
0,1362,1289,1225,1,1372
0,1363,1290,1226,1,1373
0,1366,1291,1227,1,1376
0,1367,1292,1228,1,1377
0,1368,1293,1229,1,1378
0,1369,1294,1230,1,1379
0,3212,1294,1230,1,3482
0,1370,1295,1231,1,1380
0,1371,1296,1232,1,1381
,0,2379,1296,1232,1
,0,2748,1296,1232,1
0,1372,1297,1233,1,1382
0,1373,1298,1234,1,1383
0,1374,1299,1235,1,1384
0,1376,1300,1236,1,1386
0,1428,1300,1236,1,1438
,0,2324,1300,1236,1
0,3171,3025,1236,2,3441
0,1377,1301,1237,1,1387
0,1378,1302,1238,1,1388
0,1390,1302,1238,1,1400
0,1380,1303,1239,1,1390
0,1381,1304,1240,1,1391
0,1382,1305,1241,1,1392
0,1383,1306,1242,1,1393
0,1384,1307,1242,1,1394
0,1385,1308,1243,1,1395
,0,2126,1308,1243,1
0,1387,1309,1244,1,1397
0,1388,1310,1245,1,1398
0,1389,1311,1246,1,1399
0,1391,1312,1247,1,1401
0,1392,1313,1248,1,1402
0,1393,1314,1249,1,1403
0,1394,1315,1250,1,1404
0,1397,1317,1251,1,1407
0,1398,1318,1252,1,1408
0,1399,1319,1253,1,1409
0,1400,1320,1254,1,1410
0,1401,1321,1255,1,1411
0,1402,1322,1256,1,1412
0,1431,1322,1256,1,1441
0,1459,1322,1256,1,1469
0,1492,1322,1256,1,1505
0,1700,1322,1256,1,1745
0,1403,1323,1257,1,1413
0,1404,1324,1258,1,1414
0,1453,1324,1258,1,1463
0,3078,1324,1258,1,3329
0,1405,1326,1260,1,1415
0,1406,1327,1261,1,1416
0,1407,1328,1262,1,1417
0,1408,1329,1263,1,1418
0,1409,483,1264,1,1419
0,1410,1330,1265,1,1420
0,1411,1235,1266,1,1421
0,1412,1331,1267,1,1422
0,1413,1332,1268,1,1423
0,1414,1333,1269,1,1424
0,1415,1291,1270,1,1425
0,1416,1334,1271,1,1426
0,1417,1335,1272,1,1427
0,1418,1336,1273,1,1428
0,1419,1337,1274,1,1429
0,1420,1338,1275,1,1430
0,1421,1339,1276,1,1431
0,1422,1340,1277,1,1432
0,1423,1341,1278,1,1433
0,1424,1342,1279,1,1434
0,1425,1343,1280,1,1435
0,1426,1344,1281,1,1436
0,1429,1345,1282,1,1439
0,1430,1346,1283,1,1440
0,1432,1347,1284,1,1442
0,1433,1348,1285,1,1443
0,1475,1348,1285,1,1486
0,1434,1349,1286,1,1444
Approved by the Comics Code Authority,0,3521,1349,1286,1
0,1435,1350,1287,1,1445
0,1436,1351,1288,1,1446
0,1437,1352,1289,1,1447
0,1439,1353,1290,1,1449
0,1440,1354,1291,1,1450
0,1441,457,1292,1,1451
0,1469,457,1292,1,1480
0,1442,1355,1293,1,1452
0,1443,1356,1294,1,1453
0,1444,1357,1295,1,1454
0,1445,1357,1295,1,1455
0,1446,1358,1296,1,1456
0,3107,1358,1296,1,3360
0,1447,1359,1297,1,1457
0,1448,1360,1297,1,1458
0,1449,1361,1298,1,1459
0,1450,1362,1299,1,1460
0,1452,1363,1300,1,1462
0,1455,1364,1301,1,1465
0,1456,1365,1302,1,1466
0,1458,1366,1303,1,1468
0,1460,1328,1304,1,1470
0,1461,1368,1305,1,1472
0,1462,1369,1306,1,1473
0,1463,1370,1307,1,1474
0,1464,1371,1308,1,1475
0,1465,1372,1309,1,1476
0,1466,1373,1310,1,1477
0,1467,1374,1311,1,1478
0,1468,1375,1312,1,1479
0,1470,1376,1313,1,1481
0,1471,868,1314,1,1482
0,1710,868,1314,1,1755
0,1736,868,1314,1,1781
0,2983,868,1314,1,3229
0,3075,868,1314,1,3326
0,3203,868,1314,1,3473
0,3224,868,1314,1,3495
0,1472,1377,1315,1,1483
0,1473,1378,1316,1,1484
0,1474,1379,1317,1,1485
0,1699,1379,1317,1,1744
0,1476,1380,1318,1,1487
0,1481,1380,1318,1,1493
0,1702,1380,1318,1,1747
0,1477,1382,1319,1,1489
0,1478,1383,1320,1,1490
0,1479,1384,1321,1,1491
,0,2747,1384,1321,1
0,1480,1385,1322,1,1492
0,1482,1386,1323,1,1494
0,1484,1387,1324,1,1496
0,1483,1388,1325,1,1495
1486,1389,1326,1,1498,18624
0,1485,1063,1327,1,1497
0,1487,1358,1328,1,1499
0,2373,1358,1328,1,2494
0,1489,1392,1329,1,1502
0,1488,1391,1330,1,1501
0,1490,1393,1331,1,1503
0,1491,1394,1332,1,1504
0,1493,1395,1333,1,1506
0,1518,1423,1333,1,1535
0,1494,696,1334,1,1507
0,1495,1396,1335,1,1508
0,1496,1397,1336,1,1509
0,1497,457,1337,1,1510
0,1498,1398,1338,1,1511
0,1499,1400,1340,1,1513
0,1501,1403,1341,1,1515
0,2100,1994,1341,1,2201
0,1503,1404,1342,1,1517
0,1502,1404,1343,1,1516
0,2521,2393,1344,1,2660
0,1506,1408,1345,1,1520
0,1507,1409,1346,1,1521
0,1508,1410,1347,1,1522
0,1509,1411,1348,1,1523
0,1510,1412,1349,1,1524
0,1511,1413,1350,1,1525
0,1513,1415,1351,1,1527
0,1514,1417,1353,1,1529
0,1515,1418,1353,1,1530
1516,1419,1354,1,1531,18909
0,1517,1420,1355,1,1532
0,1519,1424,1358,1,1536
0,1536,1443,1359,1,1555
0,1520,1426,1360,1,1538
0,1521,1427,1361,1,1539
0,1522,1428,1362,1,1540
0,1523,1429,1363,1,1541
0,3699,3446,1363,2,3985
0,1525,1432,1365,1,1544
0,1526,1433,1366,1,1545
0,1527,1434,1367,1,1546
0,1528,1435,1368,1,1547
0,1529,1436,1369,1,1548
0,1530,1437,1370,1,1549
0,1531,1438,1371,1,1550
0,1532,1439,1371,1,1551
0,1533,1440,1372,1,1552
0,1534,1441,1374,1,1553
0,1535,1442,1375,1,1554
0,1537,1444,1376,1,1556
0,1538,1445,1377,1,1557
0,2502,2374,1377,1,2641
0,1539,1446,1378,1,1558
0,1540,1447,1379,1,1559
0,1541,1448,1380,1,1560
0,1542,1449,1381,1,1561
0,1544,1450,1382,1,1563
0,1546,1452,1383,1,1565
0,1548,1453,1384,1,1567
0,1549,1455,1386,1,1569
0,1550,1456,1387,1,1570
0,1551,1457,1388,1,1571
0,1553,1459,1389,1,1573
0,1596,1459,1389,1,1618
0,1554,1460,1390,1,1574
0,1556,1461,1391,1,1576
0,1557,1463,1392,1,1577
0,1558,1464,1393,1,1578
0,1559,1465,1395,1,1579
0,1560,542,1396,1,1580
0,1561,1466,1397,1,1581
0,1563,1468,1399,1,1583
0,1564,1469,1400,1,1584
0,1567,1473,1403,1,1589
0,1568,1474,1404,1,1590
0,1569,1484,1405,1,1591
0,1570,1485,1406,1,1592
0,1571,1486,1407,1,1593
0,2218,2106,1407,1,2328
0,1573,1487,1408,1,1595
0,1574,1488,1409,1,1596
0,1575,1489,1410,1,1597
0,1576,1490,1411,1,1598
0,1577,1491,1412,1,1599
0,1578,1492,1413,1,1600
0,1579,1494,1414,1,1601
0,1580,1495,1415,1,1602
0,1581,1496,1416,1,1603
0,1582,1497,1417,1,1604
0,1583,1498,1418,1,1605
0,1585,1500,1419,1,1607
0,1586,1501,1420,1,1608
0,1587,1502,1421,1,1609
0,1588,1502,1421,1,1610
,0,2051,1958,1421,1
Approved by the Comics Code Authority,0,3618,1502,1421,1
0,1590,1504,1423,1,1612
0,1591,1505,1424,1,1613
0,1593,1108,1425,1,1615
0,1604,1108,1425,1,1626
0,1594,1506,1426,1,1616
0,1595,1507,1427,1,1617
0,1597,1508,1428,1,1619
0,1598,1509,1429,1,1620
0,1599,1510,1430,1,1621
0,1600,1511,1431,1,1622
0,1601,1512,1432,1,1623
0,1603,1513,1433,1,1625
0,1605,1514,1434,1,1627
0,1606,1515,1435,1,1628
0,1607,1516,1436,1,1629
0,1608,1517,1436,1,1630
0,1609,1518,1438,1,1631
0,1610,1519,1439,1,1632
0,1611,1520,1440,1,1633
0,1612,1521,1441,1,1634
0,1613,1522,1442,1,1635
0,1614,1523,1443,1,1636
0,1615,1524,1444,1,1637
,0,2308,1524,1444,1
0,1616,1525,1445,1,1638
0,1617,1526,1446,1,1639
0,1618,1527,1447,1,1640
0,1619,1528,1448,1,1641
0,1620,1529,1449,1,1642
0,1621,1530,1450,1,1643
0,1623,1531,1452,1,1645
0,1624,1127,1453,1,1646
0,1625,1532,1454,1,1647
0,1627,1535,1457,1,1650
0,1628,1536,1458,1,1651
0,1629,1537,1459,1,1652
0,1630,1538,1460,1,1653
0,1631,1539,1461,1,1654
0,1632,1540,1462,1,1655
0,1633,1540,1462,1,1656
0,1635,1541,1463,1,1658
0,1636,1542,1464,1,1659
0,1637,1543,1465,1,1660
0,1638,1544,1466,1,1661
0,1639,1545,1467,1,1662
0,1640,1546,1468,1,1663
0,1641,1547,1469,1,1665
0,1642,1548,1470,1,1668
0,1643,1549,1471,1,1669
0,1644,1551,1473,1,1671
0,1838,1740,1473,1,1894
0,1645,1552,1474,1,1672
0,1646,1554,1475,1,1674
Approved by the Comics Code Authority,0,3305,1554,1475,1
0,1647,1555,1476,1,1676
0,1648,1556,1477,1,1677
0,1649,1557,1478,1,1678
0,1650,1559,1480,1,1681
0,1652,1561,1481,1,1683
0,1653,1562,1482,1,1685
0,1655,1564,1483,1,1687
0,1656,1565,1484,1,1689
0,1657,1567,1485,1,1690
0,1659,1569,1488,1,1692
0,1660,1570,1489,1,1693
0,1661,1572,1492,1,1695
0,1662,1573,1493,1,1696
0,1663,1574,1494,1,1697
0,1664,1575,1495,1,1698
0,1665,1576,1496,1,1699
0,1666,1577,1497,1,1700
0,1667,1578,1498,1,1701
0,1668,1579,1499,1,1703
0,1669,1580,1500,1,1705
0,1670,1581,1501,1,1706
0,1671,1582,1502,1,1707
0,1672,1583,1503,1,1708
0,1673,1584,1504,1,1709
0,1674,1585,1505,1,1711
0,1675,1586,1506,1,1712
0,1676,1587,1507,1,1714
0,1677,1588,1508,1,1715
0,1678,1589,1509,1,1716
0,1679,1590,1510,1,1717
0,1680,1250,1512,1,1718
0,1681,1591,1513,1,1719
0,1682,1592,1514,1,1720
0,1683,1593,1515,1,1721
0,1684,1594,1516,1,1724
0,1685,1507,1517,1,1725
0,1687,1416,1518,1,1727
0,1688,1596,1519,1,1728
0,1689,1597,1520,1,1729
0,1690,1598,1521,1,1730
0,1691,1600,1523,1,1733
0,1692,1601,1524,1,1734
0,1693,1603,1526,1,1737
0,1694,1604,1527,1,1739
0,3098,1604,1527,1,3350
0,1695,1605,1528,1,1740
0,1696,1606,1529,1,1741
0,1697,1607,1530,1,1742
0,1709,1607,1530,1,1754
0,3006,1607,1530,2,3255
0,3049,1607,1530,2,3299
0,3168,1607,1530,2,3438
0,1698,1608,1531,1,1743
0,1701,1609,1532,1,1746
0,1703,1610,1533,1,1748
Approved by the Comics Code Authority,0,1704,1611,1534,1
Approved by the Comics Code Authority,0,1705,1612,1535,1
Approved by the Comics Code Authority,0,1706,1613,1536,1
0,1707,1614,1537,1,1752
0,1708,1615,1538,1,1753
0,1711,1616,1539,1,1756
0,1712,1617,1540,1,1757
0,1713,1618,1541,1,1758
0,1714,1619,1542,1,1759
0,1715,1620,1543,1,1760
0,1717,1621,1544,1,1762
0,1718,1622,1545,1,1763
0,1719,1623,1546,1,1764
0,1720,1624,1547,1,1765
0,1721,1625,1548,1,1766
0,1722,1626,1549,1,1767
0,3266,1626,1549,1,3539
0,1723,1627,1550,1,1768
0,1724,1628,1551,1,1769
0,1725,1629,1551,1,1770
0,1726,1629,1551,1,1771
0,1727,1630,1552,1,1772
0,1728,1631,1553,1,1773
0,1729,1632,1553,1,1774
0,1730,1633,1554,1,1775
0,1731,1634,1555,1,1776
0,1732,1635,1556,1,1777
0,1733,1636,1557,1,1778
0,1734,1637,1558,1,1779
0,1737,459,1559,1,1782
0,1738,1639,1560,1,1783
0,1739,1640,1561,1,1784
0,1740,1641,1562,1,1785
0,1741,1642,1563,1,1786
0,1742,1643,1564,1,1787
0,1743,1644,1565,1,1788
0,1744,1645,1566,1,1789
0,1745,1646,1567,1,1790
0,1746,1646,1567,1,1791
0,1756,1646,1567,1,1801
,0,2057,1646,1567,1
0,1747,1647,1568,1,1792
0,1760,1647,1568,1,1805
0,1748,1648,1569,1,1793
0,1749,1649,1570,1,1794
0,1750,1650,1571,1,1795
0,1751,1651,1572,1,1796
,0,2225,1651,1572,1
0,1752,1652,1573,1,1797
0,2805,2695,1573,1,3030
0,3225,1652,1573,1,3496
0,1753,1653,1574,1,1798
0,1754,1654,1575,1,1799
0,1759,1654,1575,1,1804
0,1755,1655,1576,1,1800
0,2287,2171,1576,1,2406
0,1757,1656,1577,1,1802
0,3173,1656,1577,2,3443
0,1758,1657,1578,1,1803
0,1761,1658,1579,1,1806
0,1762,1659,1580,1,1807
0,1763,952,1581,1,1808
0,1764,1660,1582,1,1809
0,1765,1662,1583,1,1811
0,1766,1663,1584,1,1812
0,1767,1664,1585,1,1813
0,1768,1665,1585,1,1814
0,1769,1666,1586,1,1815
0,1770,1667,1587,1,1816
0,1771,1668,1588,1,1817
0,1772,1669,1589,1,1818
0,1773,1670,1590,1,1819
0,1774,1671,1591,1,1820
0,1775,1672,1592,1,1821
0,1776,1673,1593,1,1822
0,1777,1674,1594,1,1823
0,1778,1675,1595,1,1824
0,1779,1676,1596,1,1825
0,1780,1677,1597,1,1826
0,1781,1678,1598,1,1827
0,1782,1679,1599,1,1828
0,1783,1680,1600,1,1829
0,1784,1681,1601,1,1830
0,1785,1682,1602,1,1831
0,1786,1683,1603,1,1832
0,1787,1684,1604,1,1833
0,1788,1685,1605,1,1834
0,1789,1686,1606,1,1836
0,1790,1687,1607,1,1837
0,1791,1688,1607,1,1838
0,1792,1690,1609,1,1840
0,1793,1691,1610,1,1841
0,1794,1692,1611,1,1842
0,1795,1693,1612,1,1843
0,1796,1695,1613,1,1845
0,1797,1696,1614,1,1846
0,1798,1560,1615,1,1848
0,1799,1697,1616,1,1849
0,1800,1698,1617,1,1850
0,1801,1699,1618,1,1851
0,1802,1700,1619,1,1852
0,1803,1701,1620,1,1853
0,1804,1702,1621,1,1854
0,1805,1703,1622,1,1855
0,1806,1705,1623,1,1856
0,1807,1706,1624,1,1857
0,1808,1707,1625,1,1859
0,1809,1708,1626,1,1860
0,1810,1709,1627,1,1861
0,1811,1710,1628,1,1862
0,1812,1711,1629,1,1863
0,1813,1712,1630,1,1865
0,1814,1713,1631,1,1866
0,1815,1714,1632,1,1867
0,1816,1715,1633,1,1868
0,1817,1716,1633,1,1869
0,1818,1717,1634,1,1871
0,1819,1718,1635,1,1872
0,1820,1719,1636,1,1873
0,1821,1720,1637,1,1874
0,1822,1721,1638,1,1875
0,1823,1722,1639,1,1876
0,1824,1723,1640,1,1877
0,1825,1724,1641,1,1878
Approved by the Comics Code Authority,0,3499,1724,1641,1
0,1826,1725,1642,1,1879
0,1827,1727,1643,1,1880
0,1828,1728,1644,1,1881
0,1829,1729,1645,1,1882
0,1830,1730,1646,1,1883
0,1831,1731,1647,1,1884
0,1832,1734,1648,1,1888
0,1833,1735,1649,1,1889
0,1834,1736,1650,1,1890
0,1835,1737,1650,1,1891
0,1836,1738,1650,1,1892
0,1837,1739,1650,1,1893
0,1839,1741,1652,1,1895
0,1840,1742,1652,1,1896
0,1842,1744,1654,1,1900
0,1843,1745,1655,1,1901
0,1844,1746,1656,1,1902
0,1845,1747,1657,1,1903
0,1846,1748,1658,1,1904
0,1847,1749,1659,1,1905
0,1848,1750,1660,1,1906
0,1849,1751,1661,1,1907
0,1850,1752,1662,1,1908
0,1851,1753,1663,1,1909
0,1852,1754,1663,1,1910
Approved by the Comics Code Authority,0,3302,1753,1663,1
0,1853,1755,1664,1,1911
0,1854,1595,1665,1,1912
0,1855,1756,1666,1,1914
0,1856,1757,1667,1,1915
0,1857,1758,1668,1,1916
0,1859,1760,1670,1,1918
0,1860,1761,1671,1,1919
0,1861,1762,1672,1,1920
0,1862,1763,1673,1,1921
0,1863,1764,1674,1,1922
0,1864,1765,1675,1,1926
0,1865,1767,1677,1,1928
0,1866,1768,1678,1,1929
0,1867,1769,1679,1,1930
0,1868,1770,1680,1,1932
0,1869,1771,1681,1,1933
0,1870,1772,1682,1,1934
0,1871,1773,1683,1,1935
0,1872,1774,1684,1,1936
0,1873,1775,1685,1,1937
0,1874,1776,1686,1,1938
0,1875,1777,1687,1,1939
0,1876,1778,1688,1,1940
0,1877,1779,1689,1,1941
0,1878,1780,1690,1,1942
0,1879,1781,1691,1,1943
0,1880,1782,1692,1,1944
0,1881,1783,1693,1,1945
0,1882,1784,1694,1,1946
0,1883,1785,1695,1,1947
0,1884,1786,1696,1,1948
0,1885,1787,1697,1,1950
0,1886,1788,1698,1,1951
0,1887,1789,1699,1,1952
0,1888,1790,1700,1,1953
0,1889,1791,1701,1,1954
0,1890,1792,1702,1,1955
0,2732,2624,1702,1,2943
0,1891,1793,1703,1,1956
0,1892,1794,1704,1,1957
0,1893,1795,1705,1,1958
0,1894,1796,1706,1,1959
0,1895,1797,1706,1,1960
0,1896,1798,1708,1,1961
0,1897,1799,1709,1,1962
Approved by the Comics Code Authority,0,3341,3152,1709,1
0,1898,1800,1710,1,1963
0,1899,1801,1711,1,1964
0,1900,1802,1712,1,1966
0,1901,1804,1713,1,1967
Approved by the Comics Code Authority,0,3383,1804,1713,1
0,1902,1805,1714,1,1968
0,1903,1806,1715,1,1969
0,1904,1808,1716,1,1970
0,1905,1807,1717,1,1971
0,1907,1810,1719,1,1974
0,1908,1811,1720,1,1975
0,1910,1814,1722,1,1979
0,1911,1816,1724,1,1982
Approved by the Comics Code Authority,0,3309,1816,1724,1
Approved by the Comics Code Authority,0,3310,1816,1724,1
0,1912,1817,1725,1,1983
0,1913,1818,1726,1,1984
0,1914,1819,1728,1,1985
0,1915,1820,1729,1,1986
0,1916,1821,1730,1,1987
0,1917,1822,1731,1,1988
0,1918,1823,1732,1,1989
0,1919,1824,1733,1,1990
0,1920,1825,1734,1,1992
0,1921,1826,1735,1,1993
0,1922,1828,1736,1,1994
0,1923,1827,1737,1,1995
0,1924,1829,1738,1,1996
0,1925,1830,1739,1,1997
0,1926,1832,1741,1,1998
0,1927,1831,1742,1,1999
0,1928,1833,1743,1,2000
0,1929,1834,1743,1,2001
0,1930,1835,1744,1,2002
0,1931,1836,1745,1,2003
0,1932,1837,1746,1,2004
0,1933,1838,1747,1,2005
0,1934,1839,1748,1,2009
0,1935,1840,1749,1,2011
0,1936,1841,1751,1,2012
0,1937,1842,1752,1,2013
0,1938,1843,1753,1,2014
0,1939,1844,1755,1,2015
Approved by the Comics Code Authority,0,1940,1845,1756,1
,0,2063,1845,1756,1
Approved by the Comics Code Authority,0,3316,1845,1756,1
Approved by the Comics Code Authority,0,1941,1846,1757,1
Approved by the Comics Code Authority,0,1942,1847,1758,1
Approved by the Comics Code Authority,0,1943,1848,1759,1
,0,1944,1849,1760,1
,0,1945,1850,1761,1
,0,1946,1851,1762,1
,0,1948,1852,1763,1
,0,1949,1853,1763,1
,0,1950,1854,1763,1
,0,1951,1855,1764,1
,0,1952,1856,1765,1
,0,1953,1857,1766,1
0,1954,1858,1767,1,2030
0,1955,1859,1768,1,2031
0,1956,1860,1769,1,2032
0,2031,1860,1769,1,2124
0,1957,1861,1770,1,2033
0,1958,1862,1771,1,2034
0,1959,1863,1772,1,2035
0,1960,1865,1774,1,2037
0,1961,1866,1775,1,2038
0,1962,1867,1776,1,2039
0,1964,1868,1777,1,2041
Approved by the Comics Code Authority,0,1963,1869,1778,1
0,1965,1870,1779,1,2042
0,1966,1871,1780,1,2043
Approved by the Comics Code Authority,0,1967,1878,1781,1
Approved by the Comics Code Authority,0,1968,1879,1782,1
Approved by the Comics Code Authority,0,1969,1880,1783,1
,0,2066,1880,1783,1
Approved by the Comics Code Authority,0,1970,1881,1784,1
0,2865,1881,1784,1,3108
Approved by the Comics Code Authority,0,1971,1882,1785,1
,0,1972,1883,1786,1
,0,2080,1883,1786,1
,0,1974,1884,1787,1
0,1975,1872,1788,1,2052
0,1990,1872,1788,1,2067
0,1976,1886,1789,1,2053
0,3681,3426,1789,2,3965
0,1977,1887,1790,1,2054
,0,1979,1885,1791,1
0,2734,1885,1791,1,2945
0,1980,1889,1792,1,2057
,0,1981,1890,1793,1
0,1982,1891,1794,1,2059
,0,1983,1892,1795,1
0,1984,1894,1796,1,2061
,0,1985,1893,1797,1
0,1986,1895,1798,1,2063
0,1988,1896,1799,1,2065
0,1989,1897,1800,1,2066
2107,622,1800,1,2210,18338
0,1991,1898,1801,1,2068
0,1992,1899,1802,1,2069
0,1993,1900,1803,1,2070
0,1994,1901,1804,1,2071
0,1995,1902,1805,1,2072
0,1996,1903,1806,1,2073
0,1997,1904,1807,1,2075
0,1998,1905,1808,1,2076
Approved by the Comics Code Authority,0,3432,1905,1808,1
0,1999,1906,1809,1,2078
0,2000,1907,1809,1,2079
0,2001,1908,1811,1,2080
0,2002,1909,1812,1,2081
0,2003,1910,1813,1,2082
0,2004,1911,1814,1,2083
0,2005,1912,1815,1,2084
0,2006,1913,1816,1,2085
0,2007,1914,1817,1,2086
0,2008,1915,1818,1,2087
0,2009,1916,1819,1,2088
,0,2158,1916,1819,1
0,2010,1917,1820,1,2089
0,2011,1918,1821,1,2090
0,2012,1919,1822,1,2091
0,2013,1920,1823,1,2092
0,2014,1921,1824,1,2095
0,2015,1923,1825,1,2097
0,2016,1924,1826,1,2099
0,2017,1926,1828,1,2101
Approved by the Comics Code Authority,0,3418,1926,1828,1
0,2018,1927,1829,1,2102
0,2019,1928,1830,1,2103
0,2020,1929,1831,1,2105
0,2021,1930,1831,1,2106
0,2022,1931,1832,1,2107
0,2023,1932,1833,1,2108
0,2024,1933,1834,1,2109
0,2025,1934,1835,1,2111
0,2026,1935,1836,1,2113
0,2027,1936,1837,1,2118
0,2028,1937,1838,1,2119
0,2029,1938,1839,1,2122
0,2030,1939,1840,1,2123
0,2032,1940,1841,1,2125
0,2033,1941,1842,1,2126
0,2034,1942,1843,1,2127
0,2035,1858,1844,1,2128
0,2036,1943,1845,1,2129
0,2112,1943,1845,1,2216
0,2037,1435,1846,1,2130
0,2038,1830,1847,1,2131
0,2039,1944,1848,1,2132
0,2040,1945,1849,1,2133
0,2041,1946,1851,1,2135
0,2042,1947,1852,1,2136
0,2043,1948,1853,1,2137
0,2044,1949,1854,1,2138
0,2045,1950,1855,1,2139
0,2046,1953,1856,1,2142
0,2047,1955,1857,1,2144
0,2048,1947,1858,1,2145
0,2049,1956,1859,1,2146
0,2050,1957,1860,1,2147
,0,2052,1959,1861,1
,0,2053,1960,1862,1
,0,2054,1961,1863,1
,0,2075,1961,1863,1
0,2863,1961,1863,1,3106
0,2898,2788,1863,1,3144
0,2903,1961,1863,1,3149
,0,2055,1962,1864,1
,0,2056,1963,1865,1
,0,2062,1964,1866,1
,0,2064,1965,1867,1
,0,2068,1966,1868,1
,0,2069,1967,1869,1
,0,2070,1623,1870,1
,0,2072,1968,1871,1
,0,2073,1969,1872,1
,0,2074,1970,1873,1
,0,2076,1971,1874,1
,0,2077,1972,1875,1
,0,2078,1973,1876,1
0,3043,2908,1876,2,3292
Approved by the Comics Code Authority,0,3532,1973,1876,1
0,3642,1973,1876,2,3921
,0,2079,1974,1877,1
,0,2081,1975,1878,1
,0,2083,1976,1879,1
0,2965,1976,1879,1,3211
,0,2084,1977,1880,1
,0,2085,1978,1881,1
,0,2086,1979,1882,1
,0,2087,1980,1883,1
0,2088,1981,1884,1,2185
0,2089,1982,1885,1,2186
0,2091,1984,1887,1,2188
Approved by the Comics Code Authority,0,3393,1984,1887,1
Approved by the Comics Code Authority,0,3463,1984,1887,1
0,2092,1985,1888,1,2189
0,2093,1986,1889,1,2190
0,2094,1988,1891,1,2192
0,2095,1989,1892,1,2194
0,2097,1991,1894,1,2198
0,2098,1992,1894,1,2199
0,2099,1993,1894,1,2200
0,2101,1995,1897,1,2202
0,2102,1996,1898,1,2203
0,2103,1997,1899,1,2204
0,2104,1998,1900,1,2205
0,2105,1999,1901,1,2206
0,2106,2000,1902,1,2208
Approved by the Comics Code Authority,0,3500,2000,1902,1
2108,2001,1904,2,2211,18759
1,2110,2004,1906,2,2213
1,2111,2006,1907,2,2215
0,2113,2007,1908,1,2217
0,2114,2008,1909,1,2218
0,2115,2009,1910,1,2219
0,2116,2010,1911,1,2220
0,2117,2011,1912,1,2221
0,2118,2012,1913,1,2222
0,2119,2013,1914,1,2223
0,2120,2014,1915,1,2224
0,2121,2015,1916,1,2225
0,2122,2016,1917,1,2226
0,2123,2017,1918,1,2227
0,2131,2017,1918,1,2235
0,2124,2018,1919,1,2228
0,2125,2019,1920,1,2229
,0,2127,2023,1921,1
,0,2223,2023,1921,1
0,2128,1812,1922,1,2232
0,2129,2024,1923,1,2233
0,2130,2025,1924,1,2234
0,2132,2026,1925,1,2236
0,2133,2027,1926,1,2237
0,2134,2028,1927,1,2238
0,2341,2028,1927,1,2462
0,2135,2029,1928,1,2239
0,2136,2030,1929,1,2240
0,2137,2031,1930,1,2241
0,2138,2032,1931,1,2242
0,2140,2035,1932,1,2245
0,2141,2036,1933,1,2246
0,2142,2037,1934,1,2247
0,2143,2038,1935,1,2248
0,2144,2039,1936,1,2249
0,2145,2040,1937,1,2250
,0,2146,2034,1938,1
,0,2147,2041,1939,1
,0,2148,2042,1940,1
,0,2149,2043,1941,1
0,2899,2043,1941,1,3145
,0,2151,2044,1942,1
,0,2152,2045,1943,1
,0,2154,2046,1944,1
,0,2155,2047,1945,1
,0,2156,2048,1946,1
,0,2159,2049,1947,1
,0,2161,2050,1948,1
,0,2162,2051,1949,1
,0,2163,2052,1950,1
,0,2164,2053,1951,1
,0,2165,2054,1952,1
,0,2166,2055,1953,1
,0,2167,2056,1954,1
,0,2168,2057,1955,1
,0,2169,2058,1956,1
,0,2170,2059,1957,1
,0,2314,2059,1957,1
,0,2171,2060,1958,1
,0,2173,2061,1959,1
0,2900,2061,1959,1,3146
,0,2174,2062,1960,1
0,2175,2063,1961,1,2280
0,2176,2064,1962,1,2281
0,2177,2065,1963,1,2282
,0,2178,2066,1964,1
0,2179,2067,1965,1,2284
,0,2180,2068,1966,1
0,2181,2069,1967,1,2286
0,2182,2070,1968,1,2287
0,2183,2071,1969,1,2288
,0,2184,2072,1970,1
0,2185,2073,1971,1,2290
0,2187,2074,1972,1,2292
,0,2188,2075,1973,1
0,2920,2075,1973,1,3166
0,2189,2076,1974,1,2294
0,2190,2077,1975,1,2295
0,2191,2077,1975,1,2296
0,2203,2077,1975,1,2311
0,3638,2077,1975,2,3915
0,2192,2078,1976,1,2297
0,2193,2080,1977,1,2298
0,2194,2081,1978,1,2299
0,2195,2082,1979,1,2300
0,2196,2083,1980,1,2301
0,2197,2084,1981,1,2302
0,2198,2085,1982,1,2303
0,2199,2088,1983,1,2306
0,2200,2089,1984,1,2307
0,2201,2090,1985,1,2308
0,2208,2090,1985,1,2316
0,2202,2092,1986,1,2310
0,2204,2093,1987,1,2312
0,2205,2094,1988,1,2313
0,2206,2095,1989,1,2314
0,2207,1872,1990,1,2315
0,2209,2096,1991,1,2317
0,2210,2098,1994,1,2319
0,2211,2099,1995,1,2320
0,2212,2100,1996,1,2321
0,2213,2101,1998,1,2322
0,2214,2102,1999,1,2323
0,2215,2103,1999,1,2324
0,2216,2104,1999,1,2325
0,2217,2105,2000,1,2326
Approved by the Comics Code Authority,0,3387,2105,2000,1
0,2219,2107,2002,1,2332
0,2220,2108,2003,1,2333
0,2221,2109,2004,1,2334
0,2222,2111,2006,1,2336
,0,2226,2112,2007,1
,0,2228,2113,2008,1
,0,2229,2114,2009,1
,0,2230,2115,2010,1
,0,2232,2116,2011,1
,0,2233,2117,2012,1
,0,2236,2118,2013,1
0,2237,2119,2014,1,2351
0,2291,2119,2014,1,2410
0,2238,2120,2015,1,2352
0,2239,2121,2016,1,2353
0,2240,2122,2017,1,2354
0,2241,2124,2018,1,2356
0,2242,2125,2019,1,2357
0,2243,2126,2020,1,2358
0,2244,2127,2021,1,2359
0,2245,2128,2022,1,2360
0,2246,2130,2023,1,2361
0,2910,709,2024,1,3156
0,2248,2131,2025,1,2363
0,2249,2132,2026,1,2364
0,2250,2133,2027,1,2365
0,2251,2134,2027,1,2366
0,2252,2136,2028,1,2368
0,2253,2137,2029,1,2369
0,2267,2137,2029,1,2384
0,2271,2137,2029,1,2388
0,2254,2138,2030,1,2370
0,2256,2140,2031,1,2372
0,2333,2140,2031,1,2454
0,2257,2141,2032,1,2373
0,2258,2142,2033,1,2374
0,2259,2143,2034,1,2375
0,2260,2144,2035,1,2376
0,2261,2145,2036,1,2377
0,2262,849,2037,1,2378
0,2263,2146,2038,1,2379
0,2264,2147,2039,1,2380
0,2265,1296,2041,1,2382
0,2266,2149,2042,1,2383
0,2268,2150,2043,1,2385
0,2269,2151,2043,1,2386
0,2270,2077,2044,1,2387
0,2272,2152,2045,1,2389
0,2273,2154,2046,1,2390
0,2274,2156,2047,1,2391
0,2275,2157,2049,1,2392
0,2276,2158,2049,1,2393
0,2356,2159,2051,1,2477
0,3380,2159,2051,1,3654
0,2277,2160,2052,1,2395
0,2278,2161,2053,1,2396
0,3381,2162,2053,1,3655
0,2279,2163,2054,1,2398
0,2280,2164,2055,1,2399
0,2281,2165,2056,1,2400
0,2282,2166,2057,1,2401
0,2703,2593,2057,1,2896
0,2283,2167,2058,1,2402
0,2284,2168,2059,1,2403
0,2285,2169,2060,1,2404
0,2286,2170,2061,1,2405
0,2288,2172,2062,1,2407
0,2292,2172,2062,1,2411
0,2296,2172,2062,1,2415
0,2394,2172,2062,1,2516
0,2395,2172,2062,1,2517
0,2289,2173,2063,1,2408
0,2327,2173,2063,1,2447
0,2290,2174,2064,1,2409
0,2293,2175,2065,1,2412
0,2294,2176,2066,1,2413
0,2295,2177,2067,1,2414
0,2297,2179,2068,1,2417
0,2298,2180,2069,1,2418
,0,2299,2181,2070,1
,0,2300,2182,2071,1
,0,2301,2183,2072,1
,0,2302,2184,2073,1
,0,2303,2185,2074,1
,0,2304,2186,2075,1
,0,2305,2187,2076,1
,0,2306,2188,2077,1
,0,2307,2189,2078,1
,0,2309,2190,2079,1
,0,2312,2191,2080,1
,0,2488,2191,2080,1
0,3050,2191,2080,1,3300
,0,2313,2192,2081,1
0,2976,2192,2081,1,3222
,0,2315,2193,2082,1
,0,2316,2194,2083,1
,0,2317,2195,2084,1
,0,2318,2196,2085,1
,0,2319,2197,2086,1
,0,2320,2198,2087,1
0,2321,2199,2088,1,2441
0,2322,2201,2089,1,2442
,0,2323,2200,2090,1
0,2325,2202,2091,1,2445
0,2326,2203,2092,1,2446
0,2328,2204,2093,1,2448
0,2329,2205,2094,1,2449
0,2398,2205,2094,1,2520
0,2330,2207,2095,1,2450
0,2332,2208,2095,1,2452
0,2331,2207,2096,1,2451
,0,2334,2206,2097,1
0,2335,2210,2098,1,2456
0,2336,2211,2099,1,2457
0,2338,2213,2100,1,2459
,0,2337,2212,2101,1
,0,2339,2214,2102,1
0,2340,2215,2103,1,2461
0,2342,2217,2104,1,2463
0,2343,2218,2105,1,2464
,0,2344,2219,2106,1
0,2345,2220,2107,1,2466
0,2347,2221,2108,1,2468
0,2365,2221,2108,1,2486
,0,2348,1343,2109,1
0,2349,2222,2110,1,2470
0,2350,2224,2111,1,2471
,0,2351,2223,2112,1
,0,2352,2225,2113,1
0,2353,2226,2114,1,2474
0,2355,2227,2115,1,2476
0,2357,2229,2116,1,2478
0,2358,2230,2117,1,2479
0,2359,2231,2118,1,2480
0,2361,2232,2119,1,2482
0,2362,2233,2120,1,2483
0,2363,2234,2121,1,2484
0,2364,2235,2122,1,2485
,0,2366,2236,2123,1
0,2367,2237,2124,1,2488
,0,2369,2238,2125,1
0,3218,2238,2125,1,3489
0,2368,2239,2126,1,2489
,0,2370,2240,2127,1
0,2371,2241,2128,1,2492
0,2372,2242,2129,1,2493
,0,2375,2243,2130,1
0,2374,2244,2131,1,2495
,0,2377,2245,2132,1
0,2376,2246,2133,1,2497
0,2378,2247,2134,1,2499
0,2385,2247,2134,1,2506
0,2380,2249,2135,1,2501
,0,2381,2248,2136,1
0,2382,2250,2137,1,2503
0,2383,2251,2138,1,2504
0,2384,2252,2139,1,2505
0,2386,2253,2140,1,2507
0,2387,2254,2141,1,2508
0,2388,2255,2142,1,2509
0,2389,2257,2143,1,2511
0,2390,2258,2144,1,2512
0,2391,2259,2145,1,2513
0,2392,2260,2146,1,2514
0,2396,1738,2147,1,2518
0,2397,2263,2148,1,2519
0,2790,2680,2148,1,3010
0,2399,2264,2149,1,2521
0,2400,2265,2150,1,2522
0,2401,2267,2151,1,2524
0,2402,2269,2152,1,2526
0,2403,2270,2153,1,2527
0,2404,2271,2154,1,2528
0,2405,2272,2155,1,2529
0,2406,2275,2156,1,2533
0,2407,709,2157,1,2534
0,2408,2276,2158,1,2535
0,2409,2277,2159,1,2536
0,2410,2278,2160,1,2537
0,2411,2279,2161,1,2538
0,2412,2280,2162,1,2539
0,2413,2281,2163,1,2540
0,2414,2282,2164,1,2541
0,2415,2283,2165,1,2542
0,2416,2284,2166,1,2543
0,2417,2285,2167,1,2544
0,2418,2286,2168,1,2545
0,2419,2287,2169,1,2546
0,2420,2288,2171,1,2547
0,2421,2289,2171,1,2548
0,2422,2291,2171,1,2550
0,2423,2292,2171,1,2551
0,2424,2293,2171,1,2552
0,2425,2294,2171,1,2553
0,2426,2295,2171,1,2554
0,2427,2296,2171,1,2555
0,2428,2297,2171,1,2556
0,2429,2298,2171,1,2557
0,2430,2299,2171,1,2558
0,2431,2300,2171,1,2559
0,2432,2301,2171,1,2560
0,2433,2302,2171,1,2561
0,2434,2303,2171,1,2562
0,2435,2304,2171,1,2563
0,2436,2305,2171,1,2564
0,2437,2306,2171,1,2565
0,2438,2307,2171,1,2566
0,2439,2308,2171,1,2567
0,2440,2309,2171,1,2568
0,2441,2310,2171,1,2569
0,2442,2311,2171,1,2570
0,2443,2312,2172,1,2571
0,2444,2313,2173,1,2572
0,2445,2314,2174,1,2573
0,2446,2315,2174,1,2574
0,2447,2316,2175,1,2575
0,2448,2317,2177,1,2576
0,2449,2318,2178,1,2577
0,2450,2319,2179,1,2578
0,2451,2320,2180,1,2579
0,2452,2321,2181,1,2580
0,2453,2322,2181,1,2581
0,2454,2323,2181,1,2582
0,2455,2324,2182,1,2583
0,2456,2325,2183,1,2584
0,2457,2327,2184,1,2586
0,2458,2328,2185,1,2588
,0,2486,2328,2185,1
0,2459,2329,2186,1,2589
0,2460,2330,2187,1,2590
0,2461,2332,2188,1,2591
0,2462,2334,2189,1,2593
0,2463,2335,2190,1,2594
0,2464,2336,2190,1,2595
0,2465,2338,2192,1,2598
0,2466,2339,2193,1,2599
0,2467,2340,2194,1,2600
0,2468,2341,2195,1,2601
0,2469,2342,2196,1,2602
0,2470,2343,2197,1,2603
0,2471,2344,2198,1,2604
0,2472,2345,2199,1,2605
0,2473,2346,2200,1,2606
0,2474,2347,2201,1,2607
0,2475,2348,2202,1,2608
0,2476,2349,2203,1,2609
0,2477,2350,2204,1,2610
0,2478,2351,2205,1,2612
Approved by the Comics Code Authority,0,3557,2351,2205,1
0,2479,2352,2206,1,2613
0,2480,2353,2207,1,2614
0,2481,2354,2208,1,2615
0,2482,2355,2209,1,2616
0,2483,2356,2211,1,2617
0,2484,2357,2212,1,2618
,0,2485,2359,2214,1
,0,2487,2360,2215,1
,0,2489,2361,2216,1
,0,2490,2362,2217,1
,0,2491,2363,2218,1
0,2492,2364,2219,1,2627
0,2493,2365,2220,1,2628
0,2494,2366,2221,1,2629
0,2495,2367,2222,1,2630
0,2496,2368,2223,1,2631
0,2497,2369,2224,1,2632
0,2498,2370,2225,1,2634
0,2499,2371,2225,1,2635
0,2500,2372,2227,1,2636
0,2501,2373,2228,1,2640
0,2503,2375,2229,1,2642
0,2504,2376,2230,1,2643
0,2505,2377,2231,1,2644
0,2506,2378,2232,1,2645
0,2507,2379,2233,1,2646
0,2508,2380,2234,1,2647
0,2509,2381,2235,1,2648
0,2512,2384,2235,1,2651
0,2510,2382,2236,1,2649
0,2511,2383,2237,1,2650
0,2513,2385,2238,1,2652
0,2514,2386,2239,1,2653
0,2515,2387,2240,1,2654
0,2516,2388,2241,1,2655
0,2517,2389,2242,1,2656
0,2519,2391,2244,1,2658
0,2520,2392,2245,1,2659
0,2523,2395,2247,1,2662
0,2524,2396,2248,1,2663
0,2525,2397,2249,1,2664
0,2526,2398,2250,1,2665
0,2527,2399,2251,1,2666
0,2528,2400,2252,1,2667
0,2529,2401,2252,1,2668
0,2530,2402,2254,1,2669
0,2531,2403,2255,1,2670
0,2532,2404,2256,1,2671
0,2533,2405,2257,1,2672
0,2534,2407,2259,1,2674
0,2535,2408,2260,1,2675
0,2536,2409,2261,1,2676
Approved by the Comics Code Authority,0,3551,2409,2261,1
0,2537,2410,2262,1,2677
0,2538,2411,2263,1,2678
0,2539,2413,2264,1,2681
0,2540,2414,2265,1,2682
0,2541,2415,2266,1,2683
0,2542,2416,2267,1,2684
0,2543,2417,2268,1,2685
0,2544,2418,2269,1,2686
0,2545,2419,2270,1,2688
0,2546,2420,2271,1,2689
0,2547,2421,2272,1,2690
0,2548,2422,2273,1,2691
0,2549,2423,2274,1,2692
0,2550,2424,2275,1,2693
0,2551,2425,2276,1,2694
0,2552,2426,2277,1,2695
0,2553,2427,2278,1,2696
0,2554,2428,2278,1,2697
0,2556,2431,2281,1,2700
0,2557,2432,2282,1,2701
0,2558,2433,2283,1,2702
0,2559,2434,2284,1,2703
0,2560,2435,2285,1,2704
0,2561,2436,2286,1,2705
0,2562,2438,2287,1,2707
0,2563,2439,2288,1,2709
0,2564,2440,2289,1,2710
0,2565,2441,2290,1,2712
0,2566,2442,2290,1,2713
0,2568,2445,2291,1,2718
0,2569,2446,2293,1,2719
0,2570,2448,2294,1,2722
0,2571,2449,2295,1,2723
0,2572,2450,2296,1,2724
0,2573,2451,2297,1,2725
0,2574,2452,2298,1,2726
0,2575,2453,2299,1,2727
0,2576,2454,2300,1,2728
0,2577,2455,2301,1,2729
0,2578,2456,2302,1,2730
0,2579,2457,2303,1,2731
0,2580,2458,2304,1,2732
0,2581,2459,2306,1,2733
0,2582,2460,2307,1,2734
0,2583,2461,2308,1,2735
0,2584,2462,2309,1,2736
0,2585,2463,2310,1,2737
0,2586,2464,2311,1,2738
0,2587,2465,2312,1,2739
0,2588,2466,2313,1,2740
0,2589,2467,2314,1,2741
0,2590,2468,2315,1,2742
0,2591,2469,2316,1,2743
0,2592,2470,2317,1,2744
0,2593,2472,2318,1,2747
0,2594,2473,2318,1,2748
0,2694,2583,2318,1,2883
0,2595,2474,2320,1,2749
0,2596,2475,2321,1,2750
0,2597,2476,2322,1,2751
0,2598,2477,2322,1,2752
0,2599,2478,2322,1,2753
0,2600,2479,2322,1,2754
0,2601,2480,2322,1,2755
0,2602,2482,2323,1,2756
0,2603,2483,2323,1,2757
0,2604,2484,2325,1,2758
0,2605,2485,2326,1,2760
0,2606,2487,2328,1,2765
0,2607,2488,2329,1,2766
0,2608,2489,2330,1,2767
0,2609,2490,2331,1,2768
0,2610,2491,2332,1,2769
0,2611,2492,2333,1,2771
0,2612,2495,2336,1,2775
0,2613,2496,2337,1,2776
0,2614,2497,2338,1,2778
0,2615,2498,2339,1,2779
0,2616,2499,2340,1,2780
0,2617,2500,2341,1,2781
0,2618,2501,2342,1,2782
0,2619,2502,2343,1,2784
0,2620,2503,2344,1,2785
0,2621,2504,2345,1,2789
0,2622,2505,2346,1,2790
0,2623,2506,2347,1,2791
0,2624,2507,2347,1,2792
0,2881,2772,2348,1,3124
0,2625,2508,2349,1,2793
0,2626,2509,2349,1,2794
0,2627,2511,2351,1,2796
Approved by the Comics Code Authority,0,3546,2511,2351,1
0,2628,2512,2352,1,2797
0,2629,2513,2353,1,2798
0,2631,2515,2355,1,2803
0,2632,2516,2356,1,2804
0,2633,2517,2357,1,2806
0,2634,2518,2358,1,2807
0,2635,2519,2359,1,2808
0,2636,2520,2360,1,2809
0,2637,2521,2361,1,2810
0,2638,2522,2362,1,2811
0,2639,2523,2363,1,2812
0,2640,2524,2364,1,2813
0,2641,2525,2365,1,2815
0,2642,2526,2366,1,2816
0,2643,2527,2367,1,2817
0,2644,2528,2368,1,2818
0,2645,2529,2369,1,2819
0,2646,2530,2370,1,2820
0,2647,2531,2371,1,2821
0,2648,2532,2372,1,2822
0,2649,2533,2373,1,2823
0,2685,2573,2374,1,2871
0,2651,2536,2376,1,2827
0,2652,2537,2377,1,2828
0,2653,2538,2378,1,2829
0,2654,2539,2379,1,2831
0,2655,2540,2380,1,2832
0,2656,2541,2381,1,2833
Approved by the Comics Code Authority,0,3438,1907,2381,1
0,2657,2542,2382,1,2834
0,2658,2543,2383,1,2835
0,2659,2544,2384,1,2836
0,2660,2545,2384,1,2837
0,2661,2546,2385,1,2838
0,2662,2547,2386,1,2839
0,2663,2548,2387,1,2840
0,2664,2549,2388,1,2841
0,2665,2550,2388,1,2842
0,2667,2552,2390,1,2847
0,2668,2553,2392,1,2848
0,2669,2554,2393,1,2849
0,2670,2555,2394,1,2851
0,2673,2558,2397,1,2855
0,2674,2559,2398,1,2857
0,2675,2560,2399,1,2858
0,2676,2561,2400,1,2859
0,2677,2563,2401,1,2860
0,2678,2564,2402,1,2861
0,2679,2565,2403,1,2862
0,2680,2566,2404,1,2863
0,2681,2567,2405,1,2864
0,2682,2568,2406,1,2866
0,2684,2572,2408,1,2870
0,2686,2575,2410,1,2873
0,2687,2576,2411,1,2874
0,2688,2577,2413,1,2875
0,2689,2578,2414,1,2876
0,2690,2579,2416,1,2877
0,2691,2580,2416,1,2878
0,2692,2581,2418,1,2879
0,2693,2582,2419,1,2881
0,2695,2584,2421,1,2885
0,2696,2585,2422,1,2886
0,2697,2586,2423,1,2887
0,2698,2588,2425,1,2890
0,2699,2589,2425,1,2892
0,2701,2591,2427,1,2894
0,2702,2592,2428,1,2895
0,2704,2594,2430,1,2897
0,2705,2595,2431,1,2898
0,3057,2595,2431,1,3308
0,2706,2596,2432,1,2901
0,2707,2598,2434,1,2904
0,2708,2599,2435,1,2905
0,2709,2600,2436,1,2907
0,3181,2601,2438,1,3451
0,2710,2603,2439,1,2912
0,2711,2604,2440,1,2913
0,2712,2605,2440,1,2914
0,2714,2608,2441,1,2918
0,2713,2606,2442,1,2915
0,2715,2609,2443,1,2920
0,2716,2611,2444,1,2922
0,2717,2612,2445,1,2923
0,2718,2613,2446,1,2924
0,2719,2614,2447,1,2925
0,2720,2615,2448,1,2926
0,2721,2616,2450,1,2929
0,3199,2616,2450,1,3469
0,2722,2617,2451,1,2932
0,2723,2618,2452,1,2934
0,2724,2619,2453,1,2935
0,2725,2620,2454,1,2936
0,2727,2621,2455,1,2938
0,2728,2622,2456,1,2939
Approved by the Comics Code Authority,0,3360,2622,2456,1
0,2730,849,2457,1,2941
0,2731,2623,2458,1,2942
0,2733,2625,2459,1,2944
0,2735,2626,2460,1,2946
0,2737,2627,2461,1,2948
0,2754,2642,2461,1,2966
0,3029,2642,2461,2,3278
0,3195,2642,2461,1,3465
Approved by the Comics Code Authority,0,3370,2627,2461,1
,0,2738,2628,2462,1
,0,2739,2629,2463,1
,0,2740,2630,2464,1
,0,2741,2631,2465,1
,0,2742,2632,2466,1
,0,2743,2633,2467,1
0,3665,3408,2467,2,3947
,0,2744,2634,2468,1
,0,2745,2635,2469,1
,0,2746,2636,2470,1
,0,2749,2637,2471,1
,0,2750,2638,2472,1
,0,2751,2639,2473,1
,0,2752,2640,2474,1
0,2753,2641,2475,1,2964
0,3255,2642,2476,1,3527
0,2755,2643,2477,1,2967
0,2756,2645,2478,1,2968
0,3020,2645,2478,1,3269
0,2757,2646,2479,1,2969
0,2758,2648,2480,1,2971
0,2759,2649,2482,1,2973
0,3088,2649,2482,1,3340
0,2760,2650,2483,1,2974
0,3110,2650,2483,1,3363
0,2761,2651,2484,1,2975
0,2762,2652,2485,1,2976
0,2763,2653,2486,1,2977
0,2764,2654,2487,1,2978
0,2765,2655,2488,1,2979
0,2766,2656,2489,1,2980
0,2767,2657,2490,1,2981
0,2768,2602,2491,1,2982
0,2769,2659,2492,1,2984
0,2770,2660,2493,1,2985
0,2771,2661,2494,1,2986
0,3184,2661,2494,1,3454
0,2772,2662,2495,1,2987
0,2773,2663,2496,1,2989
0,2774,2664,2497,1,2991
0,2775,2665,2498,1,2992
0,2776,2666,2499,1,2993
0,2777,2667,2500,1,2994
0,2778,2668,2501,1,2995
0,3186,2668,2501,1,3456
0,2779,2669,2502,1,2996
0,2780,2670,2503,1,2998
0,2781,2671,2504,1,2999
0,2783,2673,2506,1,3002
0,2856,2751,2506,1,3095
0,2784,2674,2507,1,3004
0,2785,2675,2508,1,3005
0,2786,2676,2509,1,3006
0,2787,2677,2510,1,3007
0,3183,2677,2510,1,3453
0,2788,2678,2511,1,3008
0,2789,2679,2512,1,3009
0,2791,2681,2514,1,3011
0,2792,2682,2515,1,3012
0,2793,2683,2515,1,3013
0,2794,2684,2517,1,3015
0,2795,2685,2518,1,3016
0,2796,2686,2519,1,3017
0,2797,2687,2520,1,3018
0,2798,2688,2521,1,3019
1,2799,2689,2522,1,3022
1,2800,2690,2523,1,3023
1,2801,2691,2524,1,3024
0,3190,2691,2524,1,3460
0,2802,2692,2525,1,3026
0,2803,2693,2525,1,3027
0,2804,2694,2526,1,3028
0,2806,2696,2527,1,3031
0,2807,2697,2528,1,3032
0,2808,2698,2529,1,3034
0,2809,2699,2530,1,3036
0,2810,2701,2531,1,3038
0,2811,2702,2532,1,3040
0,2812,2703,2533,1,3043
0,2813,2704,2534,1,3044
0,2814,2705,2535,1,3045
0,3235,2705,2535,1,3506
0,3238,2705,2535,1,3510
0,3258,2705,2535,1,3530
0,2815,2706,2536,1,3046
0,2816,2707,2537,1,3047
0,2817,2708,2538,1,3048
0,3694,3441,2538,2,3980
0,2818,2709,2539,1,3049
0,2819,2710,2540,1,3051
0,2820,2711,2541,1,3052
0,2821,2712,2542,1,3053
0,2822,2713,2543,1,3054
0,2823,2714,2544,1,3055
0,2824,2715,2545,1,3056
0,2825,2716,2546,1,3057
0,2826,2717,2547,1,3058
0,3217,2717,2547,1,3488
0,3237,2717,2547,1,3509
0,2827,2718,2548,1,3059
0,3656,2718,2548,2,3938
0,2828,2719,2549,1,3060
0,2829,2720,2550,1,3061
0,3250,2720,2550,1,3522
0,2830,2721,2551,1,3062
0,2831,2722,2552,1,3063
0,2832,2723,2553,1,3064
0,2833,2724,2554,1,3065
0,2834,2726,2555,1,3067
0,2835,2727,2556,1,3068
0,2836,2728,2557,1,3069
0,2837,2730,2558,1,3071
0,2838,2731,2559,1,3072
0,2839,2732,2560,1,3073
0,2840,2733,2561,1,3074
0,2841,2734,2562,1,3076
0,3194,2734,2562,1,3464
0,3229,2734,2562,1,3500
0,2842,2735,2563,1,3077
0,2843,2736,2564,1,3078
0,2844,2737,2565,1,3079
0,2845,2739,2566,1,3081
0,2846,2740,2567,1,3082
0,2847,2741,2568,1,3083
0,2848,2742,2569,1,3085
0,2849,2743,2570,1,3086
0,2850,2744,2571,1,3087
0,2851,2745,2573,1,3088
0,2852,2747,2574,1,3090
0,2853,2748,2575,1,3091
0,2854,2749,2576,1,3093
0,2855,2750,2577,1,3094
0,2857,2752,2579,1,3096
0,2858,2753,2580,1,3098
0,2859,2755,2581,1,3102
0,2860,2756,2582,1,3103
0,2861,2757,2583,1,3104
0,2862,2758,2584,1,3105
0,2864,2759,2585,1,3107
0,2866,2760,2586,1,3109
0,2867,2761,2587,1,3110
0,2868,2762,2588,1,3111
0,2869,2763,2589,1,3112
0,2870,2764,2590,1,3113
0,2872,2765,2591,1,3115
0,2875,2730,2592,1,3118
0,2876,2767,2593,1,3119
0,2877,2768,2594,1,3120
0,2878,2769,2595,1,3121
0,2879,2770,2596,1,3122
0,2880,2771,2597,1,3123
0,2884,2773,2598,1,3127
0,2885,2774,2599,1,3128
0,2886,2775,2600,1,3129
0,2887,2776,2600,1,3130
,0,2888,2779,2601,1
,0,2889,2780,2602,1
0,3091,2947,2602,1,3343
,0,2890,2781,2603,1
,0,2891,2782,2604,1
0,2892,2783,2605,1,3138
0,2893,2784,2606,1,3139
0,2894,2785,2607,1,3140
0,2895,2786,2608,1,3141
0,2897,2787,2609,1,3143
Approved by the Comics Code Authority,0,3590,2787,2609,1
0,2901,2789,2610,1,3147
0,3115,2789,2610,1,3368
0,2902,2790,2611,1,3148
0,2921,2790,2611,1,3167
0,2905,2791,2612,1,3151
0,2907,2792,2613,1,3153
0,2908,2793,2614,1,3154
0,2909,2794,2615,1,3155
0,2911,2795,2616,1,3157
0,2912,2796,2617,1,3158
0,2913,2797,2618,1,3159
0,2914,2798,2619,1,3160
0,2915,2799,2620,1,3161
0,2947,2799,2620,1,3193
0,2967,2799,2620,1,3213
0,2916,2800,2621,1,3162
0,2917,2801,2622,1,3163
0,2918,2802,2623,1,3164
0,2919,2803,2624,1,3165
,0,2922,2804,2625,1
,0,2923,2805,2626,1
,0,2924,2806,2627,1
0,2925,2807,2628,1,3171
0,2926,2807,2628,1,3172
0,2927,2808,2629,1,3173
0,2928,2809,2630,1,3174
0,2929,2810,2631,1,3175
0,2931,2811,2632,1,3177
0,2932,2812,2633,1,3178
0,2933,2813,2634,1,3179
0,2935,2814,2635,1,3181
0,2936,2815,2636,1,3182
0,2937,2816,2637,1,3183
0,2938,1374,2638,1,3184
0,2939,2066,2639,1,3185
0,2940,2817,2640,1,3186
0,2941,2818,2640,1,3187
0,2942,2819,2641,1,3188
0,2943,2820,2642,1,3189
0,2944,2820,2642,1,3190
0,2945,2821,2643,1,3191
0,2946,2822,2644,1,3192
0,2948,2823,2645,1,3194
0,2949,2824,2646,1,3195
0,2950,2824,2646,1,3196
0,2951,2825,2647,1,3197
0,2952,2826,2648,1,3198
0,2953,2827,2649,1,3199
0,2954,2828,2650,1,3200
0,2955,2829,2651,1,3201
0,2956,2830,2652,1,3202
0,3009,2830,2652,1,3258
0,2957,2831,2653,1,3203
0,2958,2832,2654,1,3204
0,2959,816,2655,1,3205
0,2960,2834,2657,1,3206
0,2961,2835,2658,1,3207
0,2962,2836,2659,1,3208
0,2963,2837,2660,1,3209
0,2964,2838,2661,1,3210
0,2966,2839,2662,1,3212
0,2968,2840,2663,1,3214
0,2969,2841,2664,1,3215
0,2970,2842,2665,1,3216
0,2971,2843,2666,1,3217
0,2972,2844,2667,1,3218
0,2973,2845,2668,1,3219
0,3192,2845,2668,1,3462
0,2975,2847,2669,1,3221
0,2977,2848,2670,1,3223
1,2978,2849,2671,2,3224
0,2979,2850,2672,1,3225
1,2980,2851,2673,2,3226
0,2982,2189,2674,1,3228
0,2984,2853,2675,2,3230
0,2985,2854,2676,1,3231
0,2987,2856,2677,2,3233
0,2988,2858,2678,2,3234
0,2989,2857,2679,1,3235
0,2990,2859,2680,1,3237
0,2991,2862,2681,2,3238
0,2992,2861,2682,1,3239
0,2993,2863,2683,2,3240
0,2994,2865,2684,2,3241
0,2995,2864,2685,1,3242
0,2996,2868,2686,1,3245
0,2997,2869,2687,2,3246
0,2998,2870,2688,2,3247
0,2999,2872,2689,2,3248
0,3000,2871,2690,1,3249
0,3001,2873,2691,2,3250
0,3002,2874,2692,2,3251
0,3003,2875,2693,1,3252
0,3007,2877,2693,1,3256
0,3008,2878,2693,1,3257
0,3005,2876,2694,1,3254
0,3047,2876,2694,1,3297
0,3010,2879,2695,1,3259
0,3011,2880,2696,2,3260
0,3012,2881,2697,1,3261
0,3013,2882,2698,2,3262
0,3014,2883,2699,1,3263
0,3102,2956,2699,1,3354
0,3015,2884,2700,2,3264
0,3016,2886,2701,1,3265
0,3017,2885,2702,2,3266
0,3038,2885,2702,2,3287
0,3018,2887,2703,1,3267
0,3019,2888,2704,2,3268
0,3022,2889,2705,2,3271
0,3021,2890,2706,1,3270
0,3024,2892,2707,1,3273
0,3025,2893,2708,2,3274
0,3026,2894,2709,2,3275
0,3027,2895,2710,2,3276
0,3028,2896,2711,1,3277
0,3076,2896,2711,1,3327
0,3030,2897,2712,2,3279
0,3031,2898,2713,1,3280
1,3032,2899,2714,2,3281
0,3033,2900,2715,1,3282
1,3034,2901,2716,2,3283
0,3035,2902,2717,1,3284
1,3036,2903,2718,2,3285
0,3037,2666,2719,1,3286
0,3074,2666,2719,1,3325
0,3097,2666,2719,1,3349
0,3039,2904,2720,2,3288
0,3040,2905,2721,1,3289
0,3041,2906,2722,1,3290
0,3042,2907,2723,2,3291
0,3044,2909,2724,1,3293
0,3045,2910,2725,2,3295
0,3046,2912,2726,1,3296
0,3048,2913,2727,2,3298
0,3051,2914,2728,2,3301
0,3052,2915,2729,1,3302
0,3053,2917,2730,1,3304
0,3055,2918,2731,2,3306
0,3054,2919,2732,1,3305
0,3056,2920,2733,2,3307
0,3058,2921,2734,2,3309
0,3059,2922,2735,1,3310
0,3062,2924,2737,2,3313
0,3063,2925,2738,1,3314
0,3064,2927,2739,2,3315
0,3065,2928,2740,2,3316
0,3066,2929,2741,2,3317
0,3067,2930,2742,2,3318
0,3068,2931,2743,2,3319
0,3069,2926,2744,1,3320
0,3070,2932,2745,1,3321
0,3071,2933,2746,1,3322
0,3072,2934,2747,1,3323
0,3077,2935,2748,1,3328
0,3079,2936,2749,1,3330
0,3080,2937,2750,1,3331
0,3082,2939,2751,1,3333
0,3083,2860,2752,1,3335
0,3084,2941,2753,1,3336
0,3085,2942,2754,1,3337
0,3086,2943,2755,1,3338
0,3087,2944,2756,1,3339
0,3089,2945,2757,1,3341
0,3090,2946,2757,1,3342
0,3092,2948,2758,1,3344
0,3093,2949,2759,1,3345
0,3094,2950,2759,1,3346
0,3095,2951,2760,1,3347
0,3096,2952,2761,1,3348
0,3099,2953,2762,1,3351
0,3100,2954,2763,1,3352
0,3101,2955,2764,1,3353
0,3103,2957,2765,1,3355
0,3104,2958,2766,1,3356
0,3105,2959,2767,1,3357
0,3106,2961,2768,1,3359
0,3108,2962,2769,1,3361
0,3109,2963,2770,1,3362
0,3200,2963,2770,1,3470
0,3111,2964,2771,1,3364
0,3112,2690,2772,1,3365
0,3113,2965,2773,1,3366
0,3114,2966,2774,1,3367
0,3116,2968,2775,1,3369
,0,3117,2969,2776,1
,0,3118,2970,2777,1
,0,3119,2971,2778,1
,0,3120,2972,2779,1
,0,3121,2973,2780,1
,0,3122,2974,2781,1
,0,3123,2975,2782,1
,0,3124,2976,2783,1
,0,3125,2977,2784,1
,0,3126,2978,2785,1
,0,3127,2979,2786,1
,0,3128,2980,2787,1
,0,3129,2981,2788,1
,0,3130,2982,2789,1
,0,3131,2983,2790,1
,0,3132,2984,2791,1
,0,3133,2985,2792,1
,0,3134,2986,2793,1
,0,3135,2987,2794,1
,0,3136,2988,2795,1
,0,3137,2989,2796,1
,0,3138,2990,2797,1
Approved by the Comics Code Authority,0,3139,2991,2798,1
Approved by the Comics Code Authority,0,3140,2992,2799,1
Approved by the Comics Code Authority,0,3141,2993,2800,1
Approved by the Comics Code Authority,0,3142,2994,2801,1
,0,3143,2995,2802,1
,0,3144,2996,2803,1
,0,3145,2997,2804,1
,0,3146,2998,2805,1
,0,3147,2999,2806,1
,0,3148,3000,2807,1
,0,3149,3001,2809,1
,0,3150,3002,2810,1
,0,3151,3003,2810,1
,0,3152,3004,2811,1
,0,3153,3005,2812,1
,0,3154,3006,2813,1
,0,3155,3007,2814,1
,0,3156,3008,2815,1
,0,3157,3010,2816,1
,0,3158,3011,2816,1
0,3159,3012,2817,2,3427
0,3160,3013,2818,2,3428
0,3161,3014,2819,2,3429
0,3162,3016,2820,2,3431
0,3163,3018,2821,2,3433
0,3164,3019,2822,2,3434
0,3165,3020,2823,2,3435
0,3166,3021,2824,2,3436
0,3167,3022,2825,2,3437
0,3169,3023,2826,2,3439
0,3170,3024,2827,2,3440
0,3172,3026,2829,2,3442
0,3174,3027,2830,2,3444
0,3175,3028,2831,1,3445
0,3176,3029,2832,1,3446
0,3177,3030,2833,1,3447
0,3178,3031,2834,1,3448
0,3179,3032,2835,1,3449
0,3180,3033,2836,1,3450
0,3182,3034,2838,1,3452
0,3185,3035,2839,1,3455
0,3187,3036,2840,1,3457
0,3188,3037,2840,1,3458
0,3189,3038,2840,1,3459
0,3191,3039,2841,1,3461
0,3193,3040,2842,1,3463
0,3196,3041,2843,1,3466
0,3197,3042,2844,1,3467
0,3198,3043,2845,1,3468
0,3201,3044,2846,1,3471
0,3202,3045,2847,1,3472
0,3206,3047,2849,1,3476
0,3207,3048,2850,1,3477
0,3208,2394,2851,1,3478
0,3216,2394,2851,1,3487
0,3209,3049,2852,1,3479
0,3210,3050,2853,1,3480
0,3211,3051,2854,1,3481
0,3213,1242,2855,1,3483
0,3214,3053,2856,1,3484
0,3215,3054,2858,1,3486
0,3219,3055,2859,1,3490
0,3220,3056,2860,1,3491
0,3221,3057,2861,1,3492
0,3222,3058,2862,1,3493
0,3223,3059,2863,1,3494
0,3226,3060,2864,1,3497
0,3227,3062,2866,1,3498
0,3228,3063,2867,1,3499
0,3230,3064,2868,1,3501
0,3231,3065,2869,1,3502
0,3232,3066,2870,1,3503
0,3233,868,2871,1,3504
0,3234,3067,2872,1,3505
0,3279,3067,2872,1,3552
0,3236,3068,2873,1,3508
0,3239,3069,2874,1,3511
0,3240,3070,2875,1,3512
0,3241,3071,2876,1,3513
0,3242,3072,2877,1,3514
0,3243,3073,2878,1,3515
0,3244,3074,2879,1,3516
0,3245,3075,2880,1,3517
0,3246,3076,2881,1,3518
0,3247,3077,2882,1,3519
0,3248,3078,2883,1,3520
0,3249,3079,2884,1,3521
0,3251,3081,2885,1,3523
0,3252,3082,2886,1,3524
0,3270,3082,2886,1,3543
0,3253,3083,2887,1,3525
0,3254,3084,2888,1,3526
0,3256,3085,2889,1,3528
0,3257,3086,2890,1,3529
0,3259,696,2891,1,3532
0,3260,3088,2892,1,3533
0,3261,3089,2893,1,3534
0,3262,3090,2894,1,3535
0,3263,3091,2895,1,3536
0,3264,3092,2896,1,3537
0,3265,3093,2897,1,3538
0,3267,3094,2898,1,3540
0,3268,3095,2899,1,3541
0,3269,3096,2900,1,3542
0,3271,3097,2901,1,3544
0,3272,3098,2902,1,3545
0,3273,3099,2903,1,3546
0,3274,3101,2903,1,3547
0,3275,3102,2904,1,3548
0,3276,3103,2905,1,3549
0,3277,3104,2906,1,3550
0,3278,3105,2907,1,3551
0,3280,3106,2908,1,3553
0,3281,3107,2909,1,3554
0,3282,3108,2910,1,3555
0,3283,2080,2911,1,3556
0,3284,457,2912,1,3558
0,3650,457,2912,2,3930
Approved by the Comics Code Authority,0,3285,3109,2913,1
Approved by the Comics Code Authority,0,3287,1086,2914,1
Approved by the Comics Code Authority,0,3298,1086,2914,1
Approved by the Comics Code Authority,0,3289,3110,2915,1
Approved by the Comics Code Authority,0,3290,352,2916,1
Approved by the Comics Code Authority,0,3291,1600,2917,1
Approved by the Comics Code Authority,0,3292,3111,2918,1
Approved by the Comics Code Authority,0,3293,3112,2919,1
Approved by the Comics Code Authority,0,3294,3113,2920,1
Approved by the Comics Code Authority,0,3295,3114,2921,1
Approved by the Comics Code Authority,0,3296,3115,2922,1
Approved by the Comics Code Authority,0,3297,3116,2923,1
Approved by the Comics Code Authority,0,3299,3119,2924,1
Approved by the Comics Code Authority,0,3300,3120,2925,1
Approved by the Comics Code Authority,0,3301,3121,2926,1
Approved by the Comics Code Authority,0,3303,3122,2927,1
Approved by the Comics Code Authority,0,3304,3123,2928,1
Approved by the Comics Code Authority,0,3307,3124,2929,1
Approved by the Comics Code Authority,0,3308,3125,2930,1
Approved by the Comics Code Authority,0,3312,3126,2931,1
Approved by the Comics Code Authority,0,3313,3127,2932,1
Approved by the Comics Code Authority,0,3314,3128,2933,1
Approved by the Comics Code Authority,0,3315,3129,2934,1
Approved by the Comics Code Authority,0,3317,3130,2935,1
Approved by the Comics Code Authority,0,3318,3131,2936,1
Approved by the Comics Code Authority,0,3320,3132,2937,1
Approved by the Comics Code Authority,0,3321,3133,2938,1
Approved by the Comics Code Authority,0,3322,3134,2939,1
Approved by the Comics Code Authority,0,3323,3135,2940,1
Approved by the Comics Code Authority,0,3324,3136,2941,1
Approved by the Comics Code Authority,0,3325,3137,2942,1
Approved by the Comics Code Authority,0,3326,3138,2943,1
Approved by the Comics Code Authority,0,3328,3139,2944,1
Approved by the Comics Code Authority,0,3329,3140,2945,1
Approved by the Comics Code Authority,0,3330,3141,2946,1
Approved by the Comics Code Authority,0,3331,3142,2947,1
Approved by the Comics Code Authority,0,3332,3143,2948,1
Approved by the Comics Code Authority,0,3333,3144,2949,1
Approved by the Comics Code Authority,0,3334,3145,2950,1
Approved by the Comics Code Authority,0,3335,3146,2951,1
Approved by the Comics Code Authority,0,3336,3147,2952,1
Approved by the Comics Code Authority,0,3337,3148,2953,1
Approved by the Comics Code Authority,0,3338,3149,2954,1
Approved by the Comics Code Authority,0,3339,3150,2955,1
Approved by the Comics Code Authority,0,3340,3151,2956,1
Approved by the Comics Code Authority,0,3342,3153,2957,1
Approved by the Comics Code Authority,0,3343,3154,2958,1
Approved by the Comics Code Authority,0,3344,3155,2959,1
Approved by the Comics Code Authority,0,3345,3156,2960,1
Approved by the Comics Code Authority,0,3346,3157,2961,1
Approved by the Comics Code Authority,0,3347,3158,2963,1
Approved by the Comics Code Authority,0,3362,3158,2963,1
Approved by the Comics Code Authority,0,3348,3159,2964,1
Approved by the Comics Code Authority,0,3349,3160,2965,1
Approved by the Comics Code Authority,0,3350,3161,2966,1
Approved by the Comics Code Authority,0,3351,3162,2966,1
Approved by the Comics Code Authority,0,3352,3163,2967,1
Approved by the Comics Code Authority,0,3353,3164,2967,1
Approved by the Comics Code Authority,0,3354,3165,2968,1
Approved by the Comics Code Authority,0,3355,2341,2969,1
Approved by the Comics Code Authority,0,3356,3166,2970,1
Approved by the Comics Code Authority,0,3357,3167,2971,1
Approved by the Comics Code Authority,0,3358,216,2972,1
Approved by the Comics Code Authority,0,3359,3168,2973,1
Approved by the Comics Code Authority,0,3361,3169,2974,1
Approved by the Comics Code Authority,0,3363,3170,2975,1
Approved by the Comics Code Authority,0,3364,3171,2977,1
Approved by the Comics Code Authority,0,3365,3172,2978,1
Approved by the Comics Code Authority,0,3366,3173,2979,1
Approved by the Comics Code Authority,0,3367,3174,2980,1
Approved by the Comics Code Authority,0,3368,3175,2981,1
Approved by the Comics Code Authority,0,3369,3176,2982,1
Approved by the Comics Code Authority,0,3371,3177,2983,1
Approved by the Comics Code Authority,0,3372,3178,2984,1
Approved by the Comics Code Authority,0,3374,3179,2985,1
Approved by the Comics Code Authority,0,3375,3180,2986,1
Approved by the Comics Code Authority,0,3378,3181,2987,1
Approved by the Comics Code Authority,0,3379,3182,2988,1
Approved by the Comics Code Authority,0,3382,3183,2989,1
Approved by the Comics Code Authority,0,3384,3184,2990,1
Approved by the Comics Code Authority,0,3385,3185,2991,1
Approved by the Comics Code Authority,0,3386,3186,2992,1
Approved by the Comics Code Authority,0,3388,3188,2993,1
Approved by the Comics Code Authority,0,3390,3189,2994,1
Approved by the Comics Code Authority,0,3391,3191,2995,1
Approved by the Comics Code Authority,0,3392,3192,2996,1
Approved by the Comics Code Authority,0,3394,3193,2997,1
Approved by the Comics Code Authority,0,3395,3194,2998,1
Approved by the Comics Code Authority,0,3396,2852,2999,1
Approved by the Comics Code Authority,0,3397,3195,3000,1
Approved by the Comics Code Authority,0,3398,3196,3001,1
Approved by the Comics Code Authority,0,3399,3197,3002,1
Approved by the Comics Code Authority,0,3400,3198,3003,1
Approved by the Comics Code Authority,0,3401,3197,3005,1
Approved by the Comics Code Authority,0,3402,3199,3006,1
Approved by the Comics Code Authority,0,3404,3200,3007,1
Approved by the Comics Code Authority,0,3407,3201,3008,1
Approved by the Comics Code Authority,0,3408,3202,3009,1
Approved by the Comics Code Authority,0,3409,3203,3011,1
Approved by the Comics Code Authority,0,3410,3204,3012,1
Approved by the Comics Code Authority,0,3412,3205,3013,1
Approved by the Comics Code Authority,0,3413,3206,3014,1
Approved by the Comics Code Authority,0,3414,3207,3015,1
Approved by the Comics Code Authority,0,3415,3208,3016,1
Approved by the Comics Code Authority,0,3416,3209,3017,1
Approved by the Comics Code Authority,0,3420,3210,3018,1
Approved by the Comics Code Authority,0,3421,3211,3019,1
Approved by the Comics Code Authority,0,3422,3212,3020,1
Approved by the Comics Code Authority,0,3423,493,3021,1
Approved by the Comics Code Authority,0,3431,493,3021,1
Approved by the Comics Code Authority,0,3424,3213,3022,1
Approved by the Comics Code Authority,0,3425,3214,3023,1
Approved by the Comics Code Authority,0,3428,3216,3024,1
Approved by the Comics Code Authority,0,3429,3217,3025,1
Approved by the Comics Code Authority,0,3430,3218,3026,1
Approved by the Comics Code Authority,0,3434,3221,3029,1
Approved by the Comics Code Authority,0,3435,3222,3030,1
Approved by the Comics Code Authority,0,3439,3223,3031,1
Approved by the Comics Code Authority,0,3441,3224,3032,1
Approved by the Comics Code Authority,0,3444,3225,3033,1
Approved by the Comics Code Authority,0,3448,3225,3033,1
Approved by the Comics Code Authority,0,3445,3226,3034,1
Approved by the Comics Code Authority,0,3447,3227,3035,1
Approved by the Comics Code Authority,0,3449,3228,3036,1
Approved by the Comics Code Authority,0,3450,3229,3037,1
Approved by the Comics Code Authority,0,3451,3230,3038,1
Approved by the Comics Code Authority,0,3453,3232,3039,1
Approved by the Comics Code Authority,0,3454,3233,3040,1
Approved by the Comics Code Authority,0,3455,3234,3041,1
Approved by the Comics Code Authority,0,3456,3235,3043,1
Approved by the Comics Code Authority,0,3457,3236,3044,1
Approved by the Comics Code Authority,0,3458,3238,3045,1
Approved by the Comics Code Authority,0,3459,3239,3046,1
Approved by the Comics Code Authority,0,3460,3240,3047,1
Approved by the Comics Code Authority,0,3461,3241,3049,1
Approved by the Comics Code Authority,0,3462,3242,3050,1
Approved by the Comics Code Authority,0,3464,3243,3051,1
Approved by the Comics Code Authority,0,3466,3244,3052,1
Approved by the Comics Code Authority,0,3468,3245,3053,1
Approved by the Comics Code Authority,0,3469,3246,3054,1
Approved by the Comics Code Authority,0,3470,3247,3056,1
Approved by the Comics Code Authority,0,3471,3248,3057,1
Approved by the Comics Code Authority,0,3472,2434,3058,1
Approved by the Comics Code Authority,0,3473,3249,3059,1
Approved by the Comics Code Authority,0,3474,3250,3060,1
Approved by the Comics Code Authority,0,3476,3251,3061,1
Approved by the Comics Code Authority,0,3477,3252,3062,1
Approved by the Comics Code Authority,0,3478,3253,3063,1
Approved by the Comics Code Authority,0,3479,3254,3064,1
Approved by the Comics Code Authority,0,3480,3255,3066,1
Approved by the Comics Code Authority,0,3481,3256,3067,1
Approved by the Comics Code Authority,0,3482,3257,3068,1
Approved by the Comics Code Authority,0,3484,3258,3069,1
Approved by the Comics Code Authority,0,3485,3259,3070,1
Approved by the Comics Code Authority,0,3486,3260,3071,1
Approved by the Comics Code Authority,0,3487,1499,3072,1
Approved by the Comics Code Authority,0,3490,3261,3073,1
Approved by the Comics Code Authority,0,3491,3262,3074,1
Approved by the Comics Code Authority,0,3492,3263,3075,1
Approved by the Comics Code Authority,0,3493,3264,3076,1
Approved by the Comics Code Authority,0,3494,3265,3077,1
Approved by the Comics Code Authority,0,3496,3266,3078,1
Approved by the Comics Code Authority,0,3497,3267,3079,1
Approved by the Comics Code Authority,0,3498,3268,3079,1
Approved by the Comics Code Authority,0,3501,3269,3080,1
Approved by the Comics Code Authority,0,3502,3270,3081,1
Approved by the Comics Code Authority,0,3504,3271,3082,1
Approved by the Comics Code Authority,0,3506,3272,3083,1
Approved by the Comics Code Authority,0,3507,3273,3084,1
Approved by the Comics Code Authority,0,3508,3274,3085,1
Approved by the Comics Code Authority,0,3509,3275,3086,1
Approved by the Comics Code Authority,0,3510,3276,3087,1
Approved by the Comics Code Authority,0,3511,3277,3088,1
Approved by the Comics Code Authority,0,3512,3278,3089,1
Approved by the Comics Code Authority,0,3513,3279,3090,1
Approved by the Comics Code Authority,0,3514,3280,3091,1
Approved by the Comics Code Authority,0,3515,3281,3092,1
Approved by the Comics Code Authority,0,3516,3282,3093,1
Approved by the Comics Code Authority,0,3517,3283,3094,1
Approved by the Comics Code Authority,0,3518,3284,3095,1
Approved by the Comics Code Authority,0,3519,3285,3096,1
Approved by the Comics Code Authority,0,3520,3286,3097,1
Approved by the Comics Code Authority,0,3522,3287,3098,1
Approved by the Comics Code Authority,0,3523,3289,3099,1
Approved by the Comics Code Authority,0,3524,3290,3100,1
Approved by the Comics Code Authority,0,3525,3291,3101,1
Approved by the Comics Code Authority,0,3526,3292,3102,1
Approved by the Comics Code Authority,0,3527,3293,3103,1
Approved by the Comics Code Authority,0,3528,3294,3104,1
Approved by the Comics Code Authority,0,3529,3295,3105,1
Approved by the Comics Code Authority,0,3530,3296,3106,1
Approved by the Comics Code Authority,0,3533,3297,3107,1
Approved by the Comics Code Authority,0,3535,3298,3108,1
Approved by the Comics Code Authority,0,3536,3299,3109,1
Approved by the Comics Code Authority,0,3537,3300,3109,1
Approved by the Comics Code Authority,0,3538,3301,3109,1
Approved by the Comics Code Authority,0,3539,2296,3110,1
Approved by the Comics Code Authority,0,3540,3302,3111,1
Approved by the Comics Code Authority,0,3541,3303,3112,1
Approved by the Comics Code Authority,0,3543,3304,3113,1
Approved by the Comics Code Authority,0,3544,3305,3114,1
Approved by the Comics Code Authority,0,3545,3306,3115,1
Approved by the Comics Code Authority,0,3547,3307,3116,1
Approved by the Comics Code Authority,0,3548,3308,3117,1
Approved by the Comics Code Authority,0,3549,3309,3118,1
Approved by the Comics Code Authority,0,3550,3310,3119,1
Approved by the Comics Code Authority,0,3552,1903,3120,1
Approved by the Comics Code Authority,0,3553,3311,3121,1
Approved by the Comics Code Authority,0,3554,3312,3124,1
Approved by the Comics Code Authority,0,3555,3313,3125,1
Approved by the Comics Code Authority,0,3556,3314,3126,1
Approved by the Comics Code Authority,0,3558,3315,3127,1
Approved by the Comics Code Authority,0,3559,3316,3128,1
Approved by the Comics Code Authority,0,3560,3317,3129,1
Approved by the Comics Code Authority,0,3561,3318,3130,1
Approved by the Comics Code Authority,0,3562,3319,3131,1
Approved by the Comics Code Authority,0,3563,3320,3132,1
Approved by the Comics Code Authority,0,3602,3320,3132,1
Approved by the Comics Code Authority,0,3564,3321,3133,1
Approved by the Comics Code Authority,0,3565,3322,3134,1
Approved by the Comics Code Authority,0,3566,3323,3136,1
Approved by the Comics Code Authority,0,3567,3324,3137,1
Approved by the Comics Code Authority,0,3568,3325,3138,1
Approved by the Comics Code Authority,0,3569,3007,3139,1
Approved by the Comics Code Authority,0,3570,3326,3140,1
Approved by the Comics Code Authority,0,3571,3327,3141,1
Approved by the Comics Code Authority,0,3572,3328,3142,1
Approved by the Comics Code Authority,0,3573,603,3143,1
Approved by the Comics Code Authority,0,3574,3329,3144,1
Approved by the Comics Code Authority,0,3575,3330,3145,1
Approved by the Comics Code Authority,0,3576,3331,3146,1
Approved by the Comics Code Authority,0,3578,3332,3147,1
Approved by the Comics Code Authority,0,3579,3333,3148,1
Approved by the Comics Code Authority,0,3580,3334,3148,1
Approved by the Comics Code Authority,0,3581,3335,3149,1
Approved by the Comics Code Authority,0,3582,3336,3150,1
Approved by the Comics Code Authority,0,3583,3337,3151,1
Approved by the Comics Code Authority,0,3584,3338,3152,1
Approved by the Comics Code Authority,0,3585,3339,3153,1
Approved by the Comics Code Authority,0,3586,3340,3154,1
Approved by the Comics Code Authority,0,3587,3341,3155,1
Approved by the Comics Code Authority,0,3588,3342,3156,1
Approved by the Comics Code Authority,0,3589,3235,3157,1
Approved by the Comics Code Authority,0,3592,3343,3158,1
Approved by the Comics Code Authority,0,3593,3344,3159,1
Approved by the Comics Code Authority,0,3595,3345,3160,1
Approved by the Comics Code Authority,0,3596,3346,3161,1
Approved by the Comics Code Authority,0,3597,3347,3162,1
Approved by the Comics Code Authority,0,3598,3348,3163,1
Approved by the Comics Code Authority,0,3599,3349,3164,1
Approved by the Comics Code Authority,0,3600,3350,3165,1
Approved by the Comics Code Authority,0,3601,3350,3165,1
Approved by the Comics Code Authority,0,3604,559,3167,1
Approved by the Comics Code Authority,0,3605,3353,3168,1
Approved by the Comics Code Authority,0,3608,3354,3169,1
Approved by the Comics Code Authority,0,3609,3355,3170,1
Approved by the Comics Code Authority,0,3610,930,3171,1
Approved by the Comics Code Authority,0,3611,3356,3172,1
Approved by the Comics Code Authority,0,3612,3357,3173,1
Approved by the Comics Code Authority,0,3614,3358,3174,1
Approved by the Comics Code Authority,0,3615,3359,3175,1
Approved by the Comics Code Authority,0,3616,3360,3176,1
Approved by the Comics Code Authority,0,3619,3361,3177,1
Approved by the Comics Code Authority,0,3621,3362,3178,1
Approved by the Comics Code Authority,0,3622,3363,3179,1
Approved by the Comics Code Authority,0,3623,3364,3179,1
Approved by the Comics Code Authority,0,3624,3365,3179,1
Approved by the Comics Code Authority,0,3625,3366,3180,1
Approved by the Comics Code Authority,0,3626,3367,3181,1
Approved by the Comics Code Authority,0,3627,3368,3182,1
Approved by the Comics Code Authority,0,3628,3369,3183,1
Approved by the Comics Code Authority,0,3629,3370,3184,1
Approved by the Comics Code Authority,0,3630,3371,3185,1
Approved by the Comics Code Authority,0,3631,3372,3186,1
Approved by the Comics Code Authority,0,3633,3373,3187,1
0,3634,3375,3188,2,3910
0,3635,3376,3189,2,3911
0,3636,3377,3190,2,3912
0,3637,3378,3191,2,3913
0,3639,3381,3192,2,3917
0,3640,3382,3193,2,3918
0,3641,3384,3194,2,3920
0,3643,3385,3195,2,3922
0,3644,3387,3196,2,3924
0,3645,3388,3197,2,3925
0,3646,3389,3198,2,3926
0,3647,3390,3199,2,3927
0,3648,3391,3200,2,3928
0,3649,3392,3201,2,3929
0,3651,3394,3202,2,3932
0,3652,3395,3203,2,3933
0,3653,3396,3204,2,3934
0,3654,3397,3205,2,3935
0,3655,3399,3206,2,3937
0,3657,3400,3207,2,3939
0,3658,3401,3208,2,3940
0,3659,3402,3209,2,3941
0,3660,3403,3210,2,3942
0,3661,3404,3211,2,3943
0,3662,3405,3212,2,3944
0,3666,3409,3213,2,3948
0,3667,3410,3214,2,3949
0,3668,3411,3215,2,3950
0,3669,3412,3216,2,3951
0,3670,3413,3217,2,3952
0,3671,3414,3218,2,3953
0,3672,3415,3219,2,3954
0,3673,3416,3220,2,3955
0,3674,3417,3221,2,3956
0,3675,3418,3222,2,3957
0,3676,3419,3223,2,3958
0,3677,3420,3224,2,3959
0,3678,3422,3225,2,3961
0,3679,3423,3226,2,3962
0,3680,3424,3227,2,3963
0,3682,3427,3228,2,3966
0,3683,3428,3229,2,3967
0,3684,3429,3230,2,3968
0,3685,3431,3231,2,3970
0,3686,3432,3232,2,3971
0,3687,3433,3233,2,3972
0,3688,3434,3234,2,3973
0,3689,3435,3235,2,3974
0,3690,3436,3236,2,3975
0,3691,3437,3237,2,3976
0,3692,3438,3238,2,3977
0,3693,3439,3239,2,3978
0,3695,3442,3240,2,3981
0,3696,3443,3241,2,3982
0,3697,3444,3242,2,3983
0,3698,3445,3243,2,3984
0,3700,3447,3244,2,3986
Approved by the Comics Code Authority,0,3702,3448,3245,1
Approved by the Comics Code Authority,0,3703,3449,3246,1
Approved by the Comics Code Authority,0,3704,3450,3247,1
Approved by the Comics Code Authority,0,3705,3451,3248,1
Approved by the Comics Code Authority,0,3706,3452,3249,1
Approved by the Comics Code Authority,0,3707,3453,3250,1
Approved by the Comics Code Authority,0,3709,3454,3251,1
